Professor ID,Name,Department,Rating
2202745,Chihiro Shibata,Anthropology,3.9
1855770,Marlene Dockery,Accounting,3.4
2330644,Salma Asif,Economics,3.5
2963987,AnnaIisa Guzzardi,Italian,3.7
579419,Geordan Hull,Economics,4.4
2559394,Tsippa Atkin,Psychology,2.9
833867,Andrea Khalil,English,2.8
2816421,Melanie Kacin,Psychology,3.8
1234082,Raymond Law,Computer Science,3.1
590729,Terry Balkaran,Accounting,4.5
2941773,Cuneyt Akinlar,Computer Science,4.9
2967587,Walter Lucken,English,5.0
1184418,Richard Lahijani,Accounting,2.4
856225,Michael Skafidas,Comparative Literature,4.1
1969549,Juan Rodriguez-Aponte,Anthropology,3.4
2892777,Daniel Hwang,Economics,2.3
3028945,Nathan Davidov,Mathematics,2.3
2888912,Carlos Andrickson,Theater,4.2
1134810,Nathalie Fouyer,Comparative Literature,2.0
1945626,Ben Voldman,Graphic Arts,4.8
2879841,Matthew Romero,Psychology,5.0
939841,Sarah Hanks,Sociology,4.5
263935,Jeff Cassvan,English,4.1
937363,Mika Vesanen,Biology,2.5
694741,Julie George,Political Science,4.4
332567,Amy Herzog,Communication,4.7
2464221,Joseph Cartolano,History,1.4
2449776,Herbert Hartel Jr,Art History,1.8
2576989,Chialing Tsai,Computer Science,2.3
2605426,Yunyun Lin,Mathematics,4.0
555478,Blendi Koroveshi,Mathematics,2.7
1929633,Julen Esteban-Pretel,Economics,3.4
424399,Clare Carroll,Literature,4.3
2660029,Miryam Segal,History,2.2
2632965,Chen Tiferet-Dweck,Psychology,1.9
3017788,Madison Spahn,Music,5.0
1957987,Elena Markowitz,Mathematics,4.0
2269829,Philip Lewis,Sociology,3.2
2689461,ShinJoung Yeo,Media Studies,3.6
2642862,Chen Wang,Chemistry,2.0
1786967,Steven Goldman,Mathematics,2.3
2575177,Dauber Nicky,Accounting,2.6
2974613,Justin Espinal,Computer Science,4.9
2408295,Bin Huang,Political Science,1.5
3051539,Andrew Martin,Computer Science,5.0
3082187,Lauren Mistretta,Computer Science,5.0
1199818,Joseph Lozada,Sociology,3.8
1578321,Noah Tsika,Media Studies,4.1
2229741,Thomas Chung,Sociology,4.9
2314307,Maria Athanasopoulou,Languages,4.9
403544,Patrick Brock,Geology,3.2
2726516,Joanna Coleman,Biology,1.5
2492761,Brandon Arroyo,Media Studies,3.3
476740,Joshua Mukhlall,Chemistry,4.2
2674470,Alia Lesnek,Geology,4.6
2264827,Richard Killeany,Family Nutrition Exercise Sciences,4.3
2300007,Richard Vetere,Film,4.8
2807573,Selin Alkan,Languages,5.0
2899357,Corey Pickering,History,1.0
75381,David Leventhal,Business,3.7
2422846,Maral Tajerian,Biology,4.5
3054957,Rajbir Singh,Biology,4.4
2934453,Meriem Aissa,Political Science,4.5
3047107,Taro Shima,Mathematics,5.0
2262865,Pete Calandra,Music,2.0
2680008,Sam Seifman,Education,2.0
2649371,Md Mahbubur Rahman,Computer Science,2.3
2702290,Michael Wolfe,History,1.5
429751,Thom Thurston,Economics,2.4
2081516,Anique Qureshi,Accounting,2.3
1932519,Jamie Schulman,Sociology,4.6
217066,Roy Nitzberg,Music,3.5
917410,Eric Chernov,Music,4.1
2020585,Edward Powers,Art History,1.8
2514439,Mellisa Jagdeo,Computer Science,3.0
3055038,Joedell Bastien,Biology,4.9
2459968,Kevin Murphy,History,4.3
2703355,Sofia Taherkhani,Biology,3.0
1184328,Katerina Hantzandreou,Sociology,4.8
2870733,Jerome Wynter,English,2.5
2660977,Geovanni Castillo,English,4.4
2724439,Yinxian Zhang,Sociology,3.0
2819735,Joh Dharma,Mathematics,2.1
1653949,Jin Fan,Psychology,1.8
348234,Joseph Svitak,Computer Science,2.4
513427,Simina Fluture,Computer Science,2.6
2419681,Rachael Benavidez,English,2.7
2574266,Lisa Bajor,Education,5.0
2262679,Karamvir Singh,Chemistry,4.7
465979,Phil Lewis,Sociology,4.0
1310003,Karl Mitchell,Economics,3.6
217852,Bon Sy,Computer Science,1.7
1589205,Thomas Tilitz,History,2.9
1312148,Arnold Franklin,History,4.5
1417554,Deborah Gruber,Languages,4.5
1475602,Katherine Paccione,Biology,4.2
596416,Dr. Sunitha Jasti,Health Science,2.9
1312151,Sari Kisilevsky,Philosophy,3.1
1536488,Hala Abdelghany,Languages,4.7
584234,Elena Frangakis-Syrett,History,2.6
2977916,Aiden Stanciu,Biology,2.0
352320,Anne Smith-Thompson,Computer Science,2.9
463446,Lawrence Teitelman,Computer Science,3.8
1840079,Jennifer Greenman,Mathematics,3.8
1994889,Karen Ball,Linguistics,2.7
98629,Alyson Cole,Political Science,4.6
811726,A Genack,Physics,2.4
2783638,Chika Iijima,Design,1.3
22547,Murphy Halliburton,Anthropology,3.4
2887649,Rajiv Singh,English,5.0
2977508,Taemin Ha,"Family, Nutrition & Exercise Sciences",5.0
509686,Rosa Amatulli,Literature,2.7
857409,Wayne Moreland,English,3.6
35742,Robert Ranaldi,Psychology,3.1
2674247,Rani Srinivasan,English,4.7
1660467,Katherine Huang,Political Science,2.9
2718949,Christopher Kolb,Physical Education,3.2
604507,Susan Hellauer,Music,2.8
1691327,Dening Wu Lohez,Economics,2.9
309004,Timothy Pugh,Anthropology,4.4
1450177,Erica Doran,Psychology,2.8
285415,Sarah Covington,History,4.6
486671,Edward Look,Chemistry,1.8
1173911,Zhen MA,Economics,3.9
2358922,Bryan Nevarez,Mathematics,4.3
1612847,Suleyman Taspinar,Economics,3.7
2939846,Nirvani Persaud,English,3.7
2531307,Frank Feeley,Anthropology,4.9
2041899,Marina Vlahaki,English,3.8
2870516,Tara Ahmadinejad,Theater,2.0
2780813,Michael Wechsler,Business,5.0
2652302,Daniel Pisari,Education,1.5
3052264,Cindy Reiman,Art History,1.5
2962310,Alexis Leiderman,Linguistics,5.0
1942790,Juan Rodriguez,Anthropology,3.9
2958558,Nourit Zimerman,History,3.7
202790,Nick Alexiou,Sociology,4.2
182058,John Nici,Art History,4.1
434306,Stephen Rowe,Theater,3.8
2997506,Robert Wrigley,Music,1.5
2520311,Kamil Walczak,Physics,5.0
3057132,Matthew Peros,Biology,2.6
410481,John Devereux,Economics,3.6
2305420,Matthew Civiletti,Physics,3.2
53834,Robin Helene Osborne,"Family, Nutrition & Exercise Sciences",4.1
306198,Daisuke Akiba,Education,3.9
561195,Mary Greiner,Education,4.8
2919288,Mona Kleinberg,Political Science,3.3
2231210,Antonino Bonanno,Italian,4.3
2345444,Monique Herard,French,1.9
72381,Mandana Limbert,Anthropology,3.1
2280304,William Lacker,English,4.9
2186746,Daniel Zender,Design,4.5
2956400,Eleonora Gianti,Chemistry,3.8
2887374,Jiacheng Guo,Design,3.8
387549,Thomas Sangiorgi,Chemistry,3.9
1822595,Matthew Fried,Computer Science,4.0
2399752,Vibha Gokhale,Sociology,4.0
2295439,Lori Love,Dance,3.1
2456522,Lauren Ciuffo,"Family, Nutrition & Exercise Sciences",4.9
2865602,Joshua Rogers,Japanese,4.0
405219,David Toledo,Mathematics,2.2
1535568,Olga Binyaminov,Chemistry,1.5
1503085,Amy Hsin,Sociology,4.3
2806515,Xiaopeng Tao,Computer Science,2.6
1514023,Aaron Freundschuh,History,4.3
2085868,Holly Weisberg,Psychology,3.4
1162637,Elena Vesselinov,Sociology,2.6
2286544,Zohaib Qamar,Accounting,4.4
2879219,Maria Saleem,Psychology,4.3
1532352,Anastasiya Lipnevich,Education,4.7
3034789,Mayya Makarycheva,Economics,2.9
3042695,Maria Antoniou,Art History,4.5
629756,Kent Boklan,Computer Science,2.6
2446732,Mara Markinson,Mathematics,3.3
2819605,Julian Bega,Mathematics,2.6
1969114,Raquel Lopez,Anthropology,4.0
407974,Alberto Cordero,Philosophy,3.4
2192580,Wendy Leynse,Anthropology,4.3
1157817,Scott Wilson,Mathematics,3.8
2202128,Alice Keane,English,4.6
1629114,Evan Daniel,History,3.8
1813507,Mary Ann Gallucci,Health Science,4.8
1942011,Nduka Uchenna,English,4.2
2262332,Akhtar Khan,English,2.7
2886485,Johnathan Gryak,Computer Science,2.3
2283454,Sateesh Mane,Computer Science,4.2
1154237,Dae-Yeop Hwang,Business,2.2
2382438,Yisun Rho,Design,2.4
210880,Ann Azzollini,Health Science,2.8
1810670,Zhendong Zhao,Economics,5.0
506662,David Lee,Mathematics,3.3
1763374,Karen Smaldone,Music,4.1
970897,Saima Cheema,Biology,2.3
306766,Andrew Hacker,Political Science,3.1
2715711,Xinying Chyn,Computer Science,4.1
2485140,John Svadlenka,Computer Science,2.4
2533188,Oded Nir,Literature,4.7
2365144,Zhani Joanidhi,Mathematics,3.0
2753724,Tracy Shen,Mathematics,4.2
2872253,Franco Cortese,Geology,5.0
2300471,Lee Norton,Literature,4.5
2017782,Myles McDonnell,History,3.3
1749187,Joseph Ocando,Chemistry,4.7
2107629,Meimona Ali,Mathematics,4.2
2607408,Okkes Ferhat Zabun,Political Science,4.8
3041953,Tony Wen,Mathematics,4.7
287312,Jerry Waxman,Computer Science,3.4
22545,Miki Makihara,Anthropology,3.7
2884362,Valerie Sonkin,Mathematics,3.0
714297,Peter Conolly-Smith,History,4.5
643077,Valerie Wolf Sonkin,Mathematics,2.1
454463,Richard Maxwell,Communication,4.0
2427395,Leo Herczog,Accounting,4.4
287315,Robin Hizme-Rauc,English,3.7
1852595,Felicia Madimenos,Anthropology,4.5
2481308,Josephine Barnett,Sociology,4.8
2328981,Thomas Plummer,Anthropology,4.7
2019832,Alexander Lisyansky,Physics,3.6
2256775,Jiyoung Kim,Asian Studies,3.7
98628,Alexander Reichl,Political Science,4.3
1506842,David Miller,Mathematics,3.7
1725728,Gaoquan Liu,Business,3.8
900360,Anna Bounds,Sociology,4.0
2447352,Seth Lehman,Mathematics,4.6
2599289,Susan Bernstein,English,5.0
2843358,Heather Horton,Art History,5.0
2865466,Jessica Angelastro,Physical Education,5.0
559275,Cherice Evans,Chemistry,1.9
2396270,Richard Payne,Anthropology,3.9
2509566,Andrew Ng,Psychology,4.8
2189504,Alla Rozovskaya,Computer Science,2.8
2418919,Jeffrey Katz,Accounting,4.9
906306,G. Katsan,Languages,3.7
827849,James Carpino,Biology,3.6
2761716,Alexander Kwon,Economics,5.0
2970817,Melissa Lovitz,"Family, Nutrition & Exercise Sciences",2.8
2949337,Rebecca Teich,English,5.0
1909507,Marc-Antoine Longpre,Earth & Environmental Sciences,4.4
100358,Kenneth Lord,Computer Science,3.3
2015669,Roger Sedarat,English,4.6
1122219,Juan Monroy,Media Studies,1.9
53836,Yan Sun,Political Science,3.4
3025813,Ryan O'loughlin,Philosophy,5.0
888937,Vijay Kumar,Accounting,3.4
44623,Alex Ryba,Computer Science,4.5
391973,Alexander Altman,Chemistry,3.5
2386529,Elyse Price,Theater,4.9
2839902,Joel Steinberger,Theater,5.0
2107674,Aryeh Greenberg,Computer Science,3.8
2974816,Margareth Lafontant,Education,2.3
3052365,Gloria Caminha,History,4.7
460848,Cara Marshall,Economics,4.9
941770,Steve Leventhal,Business,3.9
2324623,Armando Tapia,Linguistics,4.6
1870716,Tsaiyun Phillips,Computer Science,2.3
2508119,Bekime Bekteshi,Psychology,4.9
1033621,Kristin Celello,History,4.1
1205586,Anthony Malagon,Philosophy,3.6
2820347,Amanda Long,English,5.0
2749385,Emmett Rensin,English,3.4
2941399,Bekime Guerrero,Psychology,5.0
2699855,Warren Woodfin,History,2.9
2918066,Shantal Taveras,Psychology,5.0
3065543,Andrea Garcia,Anthropology,5.0
357257,William H. Hersh,Chemistry,2.2
543298,Mitchell Baker,Biology,3.0
1312147,Omri Elisha,Anthropology,4.4
2070700,Gardiner Comfort,Dance,3.0
2397391,Katherine Tineo,Psychology,3.4
2201688,Basuli Deb,English,3.2
2381926,Chaya Cassano Reed,Classics,2.3
2972332,Julia Sorrentino,English,5.0
2280514,Marlen Alamo,Biology,5.0
468490,Kathleen Mangiapanello,Psychology,4.0
392607,Karl Fath,Biology,3.1
1357059,Esther Muehlbauer,Biology,4.7
1986753,Usha Barahmand,Psychology,2.5
1868969,Akina Nakayama,Mathematics,3.7
328081,Salvatore Miceli,Philosophy,4.0
1855757,Ilyssa Monda,Psychology,4.2
1082142,Mikhail Lipyanskiy,Comparative Literature,4.0
1416216,Paul Fadoul,Languages,3.5
842515,Ryan Black,English,4.3
487630,James Vacca,Urban Studies,4.7
2382214,Stephen Haller,History,4.9
1981764,Rebecca Nelson,Theater,4.7
2422121,Farrah Goff,English,4.8
2441896,Teresa Hazas,Theater,5.0
2234178,Juergen Reichert,Languages,4.2
2639121,Maryann Gallucci,"Family, Nutrition & Exercise Sciences",4.6
2561712,Meredith Hilliard,Linguistics,4.4
1845277,Francesca Bremner,Sociology,3.4
2701815,Tao Sun,Accounting,3.4
2105486,Eduardo Recinos Vasquez,Spanish,4.9
3014392,Yingru Ouyang,Economics,3.2
2540137,Katya Rozanova,Design,3.8
327209,Amy David,Accounting,3.8
1096012,Janice Lenzer,Psychology,3.0
1671221,Francis Rotella,Psychology,4.5
827242,Karen Strassler,Anthropology,4.5
1312172,Seo-Young Chu,English,4.7
1783378,James Maniscalco,Psychology,4.6
396813,Ariela Herman,Physical Ed,2.2
232510,John Furnari,Sociology,4.3
2445717,John Ostling,Philosophy,4.7
2664941,Evan Wilson,Anthropology,4.9
2676302,Muli Shi,Economics,2.5
2044631,Ernest Porchetta,Mathematics,4.1
1978447,Norberto Quiles,Family Nutrition Exercise Sciences,4.7
2530398,Raymond Capra,Classics,2.9
2953926,Yan Yan,Accounting,5.0
2867915,Nikolas Carneglia-Lupola,Psychology,5.0
139834,Scott Ruthizer,Accounting,4.2
1014310,Jennifer Roff,Economics,3.4
1173910,Dening Lohez,Economics,3.6
2421981,Roland Michel,Business,3.6
1691347,Emily John,Music,3.8
1057382,Yael Neumann,Linguistics,3.7
1252781,Joel Sneed,Psychology,4.2
2514598,Nicholas Levis,History,3.9
2148862,Regine Joseph,Languages,3.4
2683506,Michael Riccardo,Mathematics,4.3
2299992,Clifford Mak,English,3.8
2800249,Joanna Lutchman,Psychology,3.4
2869932,Katrina Ross,Psychology,5.0
3002036,Athar Almadanat,Languages,3.0
2903831,Omari Weekes,English,4.8
3016780,Katherine Uva,History,5.0
1987534,Fang Sun,Accounting,3.3
2395308,Gabriela Ventura,Psychology,4.0
2445828,Etienne Kouakou,English,4.4
3068439,Kirk Persaud,Biology,3.7
2698138,Oren Steinberg,Computer Science,3.3
835045,Anhong Cai,Mathematics,3.7
2634956,Wjeewani Boteju,Mathematics,3.4
2850154,Nikola Baci,Computer Science,4.4
406134,Arthur Shippee,Religion,2.6
1812180,Jomal Seligson,Sociology,3.7
2623003,Fidel Tavarez,History,3.1
2968584,Tim Mitchell,Computer Science,1.5
2977415,Ashlyn Cavitt,Design,5.0
277455,Sharon Erlbaum,Mathematics,4.4
1819616,Omar Montana,Sociology,4.7
1904426,Ashley Dixon,Psychology,3.5
1904788,William Blanford,Earth & Environmental Sciences,3.3
2824408,Iva Burdett,Chemistry,4.4
3067515,bianca johnsom,English,2.0
1116392,Vivek Upadhyay,Computer Science,4.1
626848,Kevin Balsam,Economics,2.2
1451702,Ryan Sperry,Sociology,4.3
762172,Liberman Peter,Political Science,3.4
2294226,Amanda Torres,English,5.0
2078277,Sofia Fasos,Media Studies,4.5
2740800,Sandra Lehnert,English,4.9
2442866,Madeleine Ehrlich,Media Studies,3.0
3038841,Kermit Sahney,Mathematics,5.0
2983143,Jennifer Roderer,Music,3.0
98293,Eric Gabriel Lehman,English,3.1
2343154,Martin Cohen,Accounting,3.8
213813,Michael Lipsey,Music,3.1
900334,Eva Solarsh,Accounting,4.5
2909711,David Puzzo,Psychology,4.3
1312170,Rhoda Sirlin,English,3.9
1312160,Yu Chen,Chemistry,2.5
2330295,Jun Yong Choi,Chemistry,1.6
2461413,Kirsten Beck,Languages,2.9
2186891,Sarah Schwartz,English,3.8
2383738,Stephen Nicastro,Mathematics,4.5
2957751,Richard Prins,English,5.0
72380,Mara Einstein,Marketing,2.9
1951051,Adam Kapelner,Mathematics,4.1
347929,David Gabel,Economics,3.0
2495557,Geraldine Faivre,Education,4.2
3046439,Monique Sledge-Ambrose,Education,5.0
510474,John Wang,English,3.7
2480081,Elizabeth Schumacher,Linguistics,1.9
1869839,Paul Hebert,English,4.6
2465988,Johnny Lopez,Psychology,4.7
2093572,Douglas Manson,American Studies,1.5
661849,Kwong-Bor Ng,Information Science,4.5
1632040,Carlos Fittante,Dance,4.5
3012926,Jimee Choi,Anthropology,1.3
558092,Concenntina Pagano,Psychology,4.2
59487,Ross Greenberg,Science,3.0
169297,Stefan Ralescu,Mathematics,3.6
437173,Saeed Zakeri,Mathematics,4.5
2441893,Jill Carvajal,Media Studies,4.6
2645376,Shun-Hsiang Shih,English,5.0
2380694,Ashley Chinnan,"Family, Nutrition & Exercise Sciences",4.8
2842482,Lucy Torres,English,4.9
3033250,Marc-Antoine Longpre,Geology,2.0
993765,Christa Spreizer,Languages,3.5
2692480,Al-Karim Gangji,Physics,4.9
1941086,Theodore Brown,Computer Science,1.9
2041732,Douglas Rushkoff,Media Studies,4.9
2633556,Aksana Pisetskaya,Languages,4.3
2469810,Kristen Berger,Mathematics,2.6
98645,Kenneth Kramer,Mathematics,4.1
110117,Caroline Rupprecht,Literature,3.3
2052088,Seth Rosenbloom,History,4.1
1478872,Francesc Ortega,Economics,2.6
2326757,Stacia Hefland,Nutrition,1.8
2471024,Concettina Pagano,Psychology,4.2
3063841,Leslie Jarrett,Earth & Environmental Sciences,3.0
2845649,Annaliese Chang,Biology,3.0
3023932,Sawyer Kemp,English,5.0
806236,Mathew Bradbury,Economics,3.2
2012830,Chi Tse,Computer Science,2.6
1969275,Sanjai Pathak,Chemistry,2.1
1626398,Basir McHawi,English,2.8
3053453,Gabriela Camacho,Earth & Environmental Sciences,2.0
1365595,Kimberly Garcia,English,3.8
2870218,Veronica Gianello,Italian,2.5
2702402,Jennifer Bommarito,Education,1.3
3068104,Juanita Martin,Education,5.0
3059637,Tristan Hoffmann,Political Science,2.0
969885,Nick Petaludis,Political Science,3.2
2244738,Sheila Sanders,Science,3.7
2442069,Leticia Arroyo Abad,Economics,2.7
522826,Karen Steuerwalt,Education,3.2
2143255,Babak Gandjian,Chemistry,4.9
1517298,Qianyun Huang,Accounting,4.2
2068341,Shih Jen Weng,Psychology,4.9
1124181,Randy Stein,Accounting,4.7
1784306,Julie Leventhal,Chemistry,2.8
2829836,Jangwon Suh,Accounting,3.6
1312135,Alexey Ovchinnikov,Mathematics,3.6
98650,Alan Sultan,Mathematics,4.2
1700207,Thomas Ort,History,2.9
2162315,Victoria Tomasulo,Comparative Literature,3.1
2305400,Cecilia McHugh,Geology,2.2
2378918,Alysha Rafeeq,Psychology,4.4
249702,Bojana Obrenic,Computer Science,2.7
2224818,Katarina Evans,Anthropology,4.6
2206431,Olga Permitina,Languages,4.8
2913678,Russell Gomes,Computer Science,3.8
455200,Madhulika Khandalewal,Urban Studies,4.0
2476413,Md Uddin,Accounting,1.8
2722177,Robert Roday,Computer Science,4.5
3000147,Anuja Mukherjee,Anthropology,4.3
1789322,Tat Yung Kong,Computer Science,2.7
2168438,Dax Soule,Earth Environmental Sciences,4.5
913017,Robert Steiner,Physics,3.4
2301967,Lawrence Waldron,Art History,1.5
2051730,Timothy Eaton,Geology,2.9
1884993,Elizabeth Riina,"Family, Nutrition & Exercise Sciences",4.7
2683180,Luis Quesada Nieto,Anthropology,3.1
2666549,Francesca Hyatt,English,5.0
2222507,erin lilli,Urban Studies,4.7
2601286,Robert Flaucher,Languages,4.1
2859201,Jeremy Kane,Philosophy,4.8
975677,Julian Cornell,Media Studies,4.6
1289889,Catherine Tsiris,Psychology,3.5
3049922,Amanda Keifetz,Media Studies,5.0
2986147,Myrlene Laroche,Media Studies,4.0
251325,Sudeb Mitra,Mathematics,2.8
2230400,Peter Heller,Computer Science,3.7
1162657,Ashraf Shady,Education,4.7
2452874,Donna Bedasee,Biology,4.8
2937156,Gaurish Telang,Computer Science,2.5
327216,Edward Smaldone,Music,3.2
407653,Julie Altman,Accounting,4.3
2239681,Sunny Knable,Music,4.9
503533,James John,Music,4.1
2529728,Wang Tao,Business,3.7
1312166,Emily Wilbourne,Music,2.0
213817,Bruce Saylor,Music,4.4
509070,David Schober,Music,4.7
2725598,Patrick Moran,Family Nutrition amp Exercise Sciences,4.9
2432730,Keiko Miyajima,Asian Studies,4.2
2329008,Karen Henson,Music,3.7
2668906,Mark Anson-Cartwright,Music,4.2
2792844,Gil Woodbridge,Languages,4.4
502830,Toni Spring,Education,4.6
1312171,Caroline Hong,English,5.0
1180684,Fred Gardaphe,English,4.3
1156752,Uri Samuni,Chemistry,4.5
2868539,Eleni Angelou,Philosophy,3.9
2876343,Chamara Moore,Literature,2.8
3066695,Taylor Rubin,Biology,4.0
502798,Pokay Ma,Biology,2.7
1790513,Yves Cloarec,European Studies,4.9
599563,Ernest Barone,Accounting,4.0
1162644,Gregory O'Mullan,Science,4.3
2512450,Hye Lee,Mathematics,2.9
2717105,Gregory Rosen,Psychology,5.0
1457144,Leslee Greys,Education,3.9
2449741,Renu Gosala,Political Science,3.3
2823090,Alwin Harahap,Writing,3.3
2529694,Edward Knudsen,History,4.9
1514600,Priscila Hachimine,Psychology,3.6
2618460,Antonia Cucchiara,Political Science,4.6
2635290,Dragana Micic,Psychology,2.3
1649721,Matthew Thurber,Art,4.4
3006860,Nora Griffin,Fine Arts,4.0
3032452,Krystina Francois,Political Science,3.2
1399016,Isabel Maria Sena,Spanish,3.7
3016657,Natalie Erazo,Women's Studies,5.0
2982574,Diomelca Rivas,History,3.7
3018318,Anjali Mangal,Psychology,5.0
2910631,Marisol Diaz,Art,5.0
2802614,Dongmyung Ahn,Music,5.0
3037456,Thompson Wells,History,1.5
3020147,Mary Marino-Jones,Fine Arts,5.0
275280,David Debora,Economics,2.8
98641,Martin Braun,Mathematics,3.7
349048,Ali Jimale Ahmed,Literature,4.1
320847,Michael Sargent,English,3.0
1820251,Kirsten Berger,Mathematics,3.0
1299279,Jabri Dionisio,Spanish,4.8
1966222,Gabriella Skwara,Languages,4.7
1435954,Kevin Ferguson,English,3.5
2370516,Jeffrey Goldberg,Psychology,4.3
1548864,Eva Rappaport,Psychology,3.5
2093112,Danne Woo,Design,4.7
2150540,Alexander Cigale,Comparative Literature,1.8
2903786,Paola Rodriguez,Languages,5.0
2970269,Laura DePaola,Italian,5.0
3029059,Steve Goldman,Mathematics,2.0
2939086,Julie Goodale,English,5.0
2354095,Paul Cesaretti,Computer Science,2.8
1312161,David Lahti,Biology,4.9
2648153,Salvatore Garofalo,Biology,4.0
2340792,Eva Sheridan,Biology,3.4
2535536,James Chow,Mathematics,2.5
2448389,Mike Kimatov,Mathematics,4.4
2561635,alicia grullon,Art,3.3
2973601,Julie Kantor,English,2.3
2948147,Mi Jin Park,Education,5.0
2957753,Yanjie Yu,"Family, Nutrition & Exercise Sciences",4.7
2819459,Ritika Nath,Biology,5.0
2941690,Joshua Chapdelaine,Media Studies,5.0
310835,Joan Nix,Business,3.3
1310009,Luc Gerald Marest,Business,3.2
1924327,Reid Vancelette,Linguistics,4.2
1422606,Jim Dimitrakopoulos,Chemistry,4.7
2722483,Madison Schindele,Music,5.0
2332185,Natalia Candelo-Londono,Economics,4.2
2568652,David Osborn,History,5.0
2912151,Erdem Ozkan,Mathematics,1.3
2384248,Christopher Wagner,Education,5.0
3066033,Gilad Rabinovitch,Music,5.0
487526,Adele M. Broges,Mathematics,4.6
341257,Susan Kuhn,English,4.3
1327948,Clarke Anisha,Mathematics,4.1
2119712,Francisco Penaranda,Business,3.4
2463171,Anna Malyukova,Education,4.8
2843177,Lilian Marzo,English,4.1
2913020,Lauren Mahoney,Psychology,4.5
1934866,Akthar Khan,English,4.2
1966881,Ashley Davis,Education,2.7
2603165,Jihee Choi,Nutrition,4.3
2956110,Selin Alkan,Literature,5.0
2891558,Hyewon Joo,Languages,5.0
3042283,Phoebe Macdowell,Psychology,5.0
405353,Henya Spitz,Mathematics,3.4
1033588,Kristine Rosales,Sociology,3.4
1766712,Jian Xiao,Accounting,1.6
209379,Carrie Hintz,English,4.6
1989226,dragomir saric,Mathematics,3.0
503316,. Huang,Computer Science,4.2
2598136,Muhammad Kabir,Political Science,3.7
2503925,Megan Henriquez,Anthropology,5.0
2542334,Edward Currie,English,3.9
2556406,Charles Kelly,Business,2.4
2862513,Jorge Velez,English,5.0
2913578,Jun Yoo,Economics,5.0
2697893,Sarah Elghazoly,Physics,4.8
3017232,Cassandra Shannon,Mathematics,5.0
2909588,Barbara Bowen,English,5.0
3062114,Desiree Byrd,Psychology,5.0
627327,Clive Belfield,Economics,3.7
2187985,Elliot Gangaram,Mathematics,4.4
1928303,Eduardo Vasquez,Spanish,4.9
789027,Myra Zarnowski,Education,4.1
3028944,Hao Xing,Mathematics,3.6
3027861,Rachel Goldman,Psychology,4.0
2928195,Natalie Nagpal,Psychology,5.0
3046709,Natalia Nakazawa,Art,5.0
2038774,Reuven Ilyayev,Biology,4.6
1446445,Michael Bourgoin,Sociology,4.8
400980,Lori Yamato,English,4.7
828949,Gillian Stewart,Geology,4.0
2341280,Stephen Politis,Psychology,3.1
1807702,Anthony Pagano,Anthropology,4.6
2618467,Megan Victor,Anthropology,4.9
2861837,Saira Chaudhry,Social Science,4.9
1599536,Rosanne Gangi-Gaertner,Linguistics,5.0
2619010,Hongwei Xu,Sociology,2.9
2498298,John Lee,Design,4.2
2832316,Stefan Pitschner,Economics,1.2
2913746,Christopher Carpenter,English,5.0
1159652,Alexander A. Bauer,Anthropology,4.6
2340432,Marco Navarro,English,3.7
2442671,Jacqueline Cornetta,English,5.0
2206915,Laura Dodson,Art,4.7
2821218,Padmini Biswas,Urban Studies,4.8
2588674,Wafaa Elmanasir,Sociology,5.0
2342404,Elliot Cowan,Design,2.8
2387251,Ayo Deas,Earth & Environmental Sciences,3.3
342477,Nick Dauber,Accounting,3.5
328377,Steven Kahan,Mathematics,2.8
254539,Stanley Gelfand,Languages,2.9
390216,Sean Fitzsimons,Accounting,2.7
1642960,Louis Nicolosi,English,3.6
2654604,Nicole Mueller,Biology,2.0
541592,Julia Sneeringer,History,4.2
2062239,Tracey Billado,History,3.1
223587,Israel Blumenfrucht,Accounting,3.8
707503,Eric Chen,Psychology,4.2
1153542,James Ohara,Political Science,3.6
1970347,Seongyeon Ko,Languages,4.1
2988097,Dara Laczniak,Geology,4.5
2944643,Natanya Duncan,History,1.0
3023229,Poe Allphin,Music,5.0
1501116,Jennifer Valad,Psychology,4.5
2279882,Anestoria Shalkowski,Geology,1.6
2124095,Catherine Cox-Evans,Theater,4.2
399770,Priya Kalra,Mathematics,4.6
1082596,Jackson Yeh,Computer Science,4.2
2467976,Jacquelyn Bracco,Geology,4.6
1041063,Nicole Wallenbrock,Languages,3.1
2817176,Xinmiao Xu,Computer Science,4.4
2901498,Brian Gebhart,History,2.0
133377,Ronald Rothenberg,Mathematics,3.2
1503857,Irit Bloch,History,3.5
2840976,Jessica Tobar,Mathematics,3.5
2301192,Leonard Storch,Linguistics,4.0
2444285,Alicia Park,Languages,4.3
2580013,Adriana Abad,Economics,1.7
3046964,Yoon Jin Lee,Political Science,3.5
3041251,Andrew Zolot,English,5.0
1312150,Francesca Bregoli,History,4.4
2598453,Eddy Barrera,Psychology,4.4
3021140,michael figuccio,Psychology,5.0
2975340,Gabriel San Emeterio,Women's Studies,1.5
1835871,Shuk Tsoi,Biology,2.2
2702141,Gabriel Feldmar,Psychology,2.6
1822974,Tracy Dryer,Business,3.5
1905220,Heather Simon,English,4.7
2629683,Shu Yuan Wu,Computer Science,3.5
2634117,Lindsey Albracht,English,4.7
2669000,Joshua Barnes,Biology,5.0
2852433,Yutong Han,Anthropology,2.6
3043300,Erin Berja,Psychology,5.0
2941512,Cristina Pacheco,Psychology,4.3
2695677,Tai Kim,Education,1.0
3060797,Jennifer Sullivan,Fine Arts,5.0
49661,Carl Bonomo,Political Science,3.8
22542,Morris Rossabi,History,3.6
1852524,Christine Ramadhin,Earth & Environmental Sciences,4.3
2079874,Brais Outes-Leon,Spanish,3.9
2665331,Edward Talisse,Economics,4.3
2960030,Mazharul Mahe,Biology,5.0
3058898,Themistokles Bournias,Computer Science,5.0
2956247,Ioanna Glava,Languages,5.0
2980826,Justin Boateng,Computer Science,5.0
3053803,Laurisa Peters,Psychology,5.0
257195,John Weir,English,4.7
2617811,Latisha Williams,Environmental Science,2.7
2407026,Nathan Bernstein,Psychology,4.2
2535402,Natalie Vena,Urban Studies,4.6
1938953,Scott Soares,Sociology,4.1
2560062,Robin Mork,Art,3.6
2554173,James O'hara,Political Science,1.8
2871733,Robert Cleary,History,2.8
2921650,Dilara Ayaydin,French,5.0
1870834,Joseph Pastore,Mathematics,2.5
1524946,Jimee Tomomi Emoto,Anthropology,2.3
1162635,Steven Solieri,Accounting,2.8
1459495,Line Saint-Hilaire,Education,1.6
2277480,Jeffrey Farber,Economics,3.1
3040931,Sara Lifshitz,Biology,3.6
2789461,Charlie Markbrieter,English,5.0
3017251,yun wang,Computer Science,3.0
2957891,Andrew Amstutz,History,5.0
338730,Arthur Adelberg,Accounting,4.4
569662,Mindy Rhindress,Sociology,4.1
235568,Suzanne Strickland,Sociology,3.7
2763019,Carmine Couloute,Sociology,5.0
2102986,Natalya Balnova,Art,2.0
2297234,Uchenna Nduka,English,3.8
2304237,Natalie Fouyer,Literature,1.6
2824423,Eleni Syrett,History,1.0
3047569,Chante Hope,Languages,4.0
22554,Eugene Don,Mathematics,3.0
2666550,Rebecca Suzuki,English,4.3
2989294,Genesis Izquierdo,Psychology,3.8
2136618,Anne Mulford,Art,3.1
1835445,Francis Feeley,Anthropology,4.5
2232899,Christopher Williams,English,2.3
1538922,Wagdi Taha,Philosophy,2.1
1006520,Veronica Schanoes,English,3.3
1614761,Jorge Alves,Political Science,4.5
2374087,Adele Broges,Mathematics,3.7
2458480,Tatiana Schwartz,Languages,5.0
1879797,Hanaa Wahba,Education,4.7
2966713,Danielle Schwetz,English,4.9
944666,Sarah Birch,Education,3.4
2816542,Nil Patel,Computer Science,3.8
2374561,Syed Jafri Jr,Design,5.0
2915755,Alexis Brandkamp,Comparative Literature,3.5
2411158,Priscilla Chen,Spanish,3.1
2294692,Oleksandr Yelnykov,Physics,4.1
257796,John Collins,Anthropology,3.5
2941251,Kevin Khanyan,Speech,5.0
1224430,Dening Wu Lohez,Economics,3.7
1691392,James O'Neill,Political Science,3.2
2658423,Chelsea Colón,Mathematics,2.5
205933,Lawrence Eisman,Music,4.1
2939612,Isabel De Sena,Literature,5.0
3014162,Moa Zachariah,Anthropology,4.0
2962327,Thao Bui,Economics,1.9
2804334,Georgie Humphries,Earth & Environmental Sciences,5.0
2550960,Namhee Han,Ethnic Studies,2.2
2380047,Joshua Yaminian,Biology,5.0
2476011,Rebecca Schley,Computer Science,5.0
2838676,Desmond Flynn,Mathematics,4.8
823699,Gary Berman,Mathematics,3.5
935384,Suzy Sureck,Art,4.3
2927686,Surya Teja Gavva,Computer Science,4.6
394245,Mari Fujimoto,Languages,4.3
2348984,Stacia Helfand,Social Science,2.9
2721717,Cody Kalina,English,4.5
2819606,Juan Toro,English,5.0
2456959,Huifei Li,Mathematics,3.0
2881768,Keaton Bell,Physics,2.5
98627,. Liberman,Political Science,3.6
2107759,Christopher Parisano,Anthropology,3.3
2944120,Daniel Gaztambide,Psychology,5.0
2177095,Simran Kang,Psychology,2.3
2840356,Diane Riskedahl,Anthropology,2.6
304965,Yemi Agbeyegbe,Political Science,3.1
3017539,Jonah Weinstein,Economics,3.9
2881017,Raymond Jones,Art,5.0
2973400,cheryl Ann Leone,Education,1.0
2014663,Robin Rogers,Sociology,4.0
2188522,Spiros Papadantonakis,Sociology,4.5
2870283,Delaram Kahrobaei,Computer Science,4.4
3004764,Rachel Seubert,Speech,4.0
1354763,Corinna Singleman,Biology,4.4
2636792,Jun Li,Computer Science,4.4
1848879,Fei Liu,Mathematics,5.0
2880021,Ruipeng Xu,Mathematics,3.1
1555980,William Haddican,Linguistics,4.5
1323367,W. Woodfin,Art History,3.7
2979470,Aniko Szucs,Theater,4.0
3001063,Adriana Abad,Economics,3.0
2987793,Rhonda Binda,Honors,5.0
3038713,Navdip Hans,Honors,5.0
2387773,Gina Minielli,Art,5.0
2576396,Daria Tolstikova,Design,3.7
2815490,Jingheng Yuan,Chemistry,4.7
1450855,Robert Dytell,Education,2.9
1472309,Abigail Doukhan,Philosophy,4.1
1741955,Tomomi Emoto,Anthropology,2.6
231500,Barbara Simerka,Languages,3.6
2702359,Weichao Guo,Economics,3.0
2313685,Alex (Jia) Chen,Computer Science,2.3
1998989,Francois Pierre-Louis,Political Science,3.2
305105,Michael Mirkin,Chemistry,1.8
2520818,Kayla Rose,History,3.0
2529336,Marjon Rahyab,Psychology,4.0
375862,Tsippa Ackerman,Psychology,3.6
1953723,Alan Takeall,Urban Studies,3.9
22699,Matthew Puglisi,Philosophy,3.6
22586,Doreen Schmitt,Anthropology,4.2
562778,Lila Swell,Education,3.7
2959538,Katherine Chase,English,3.4
2365084,Neil Frary,Computer Science,3.6
1312157,Sung-Eun Choi,Health Science,4.5
2852570,Jordan Botello,Philosophy,4.7
82109,Ira Hauptman,Fine Arts,4.0
1236017,Dan Lee,Mathematics,2.5
966238,Thomas Myers,Psychology,2.0
1194716,T De Soyza,Chemistry,1.7
2145655,Rose Chin-Hong,Biology,2.7
1857324,Ferzileta Gjika,Education,3.9
210976,Alexander Moudrov,Comparative Literature,4.1
2445982,Tyler Plosia,English,4.9
2567643,Allan Edmond,Biology,2.5
891913,David Goldberg,Physics,3.1
403550,Stephen Pekar,Geology,3.5
3006016,Patrick Timken,Psychology,5.0
2327370,Andrew Ostrowsky,Mathematics,1.9
2977873,Alexandra Tadros,English,5.0
2576269,Michael Archetti,Mathematics,4.8
2927107,Jordan Schneider,English,3.7
2982247,Yu Zhang,Accounting,5.0
3028962,Pedro Val,Geology,5.0
2417957,Sara Alvarez,English,4.2
1207785,M Mazzo,Accounting,2.5
479473,Neal Hitzig,Accounting,2.5
2815639,Flora de Tournay,English,5.0
2973137,Abeer Mohamed,Biology,3.6
2805340,Brianna Taurisani,Biology,5.0
2887756,Jennie Yi,Education,1.0
2940102,Kevin Bedoya,Computer Science,5.0
1686401,Seth Shire,Sociology,4.5
1919326,Geoffrey Nutter,Classics,4.7
2682571,Kathryn Weinstein,Art,4.4
2491474,Anoop Balachandra,"Family, Nutrition & Exercise Sciences",5.0
2982677,Naziat Hassan,Science,4.0
2249746,Mari Fujimoto,Japanese,4.3
1973828,James McElwaine,Music,3.6
22550,Martin Hanlon,Social Science,2.7
1689582,Sushma Teegala,Biology,4.8
2148901,Adam Wang,Mathematics,4.0
2399080,Ole Zetterstroem,Psychology,4.4
2217018,Zachary Mason,Psychology,2.9
2513727,Michelle Soule,English,3.9
1796324,Michael Pandazis,Mathematics,3.5
692125,Margaret Bostwick,History,4.2
1365274,Christopher Winks,Comparative Literature,2.6
727141,Maggie Dickinson,Anthropology,4.1
2892159,Finian Devanny,English,5.0
3002730,Simone Kaplan-Senchak,Anthropology,2.7
2991210,Monica Malone,English,5.0
2445045,Aida Barbera,Anthropology,3.8
2690848,Mara Steinberg Lowe,Linguistics,3.8
3015548,Aveta Singh,Chemistry,2.5
72377,Dong-Ho Cho,Social Science,2.6
1138691,Tim Rosen,Business,4.1
2963850,Clifford Campbell,History,3.0
22548,Kevin Birth,Anthropology,4.4
1258626,Maria- Effie Stalias,Psychology,4.7
2447732,Amelia Ingram,Urban Studies,4.4
2168340,Andrew Lang,History,4.0
2685489,Yongwu Rong,Mathematics,2.6
2957222,Amal El-Rowmeim,"Family, Nutrition & Exercise Sciences",4.6
1780502,Zong Wang Liu,Mathematics,4.4
2192442,Vanessa Perez,Political Science,3.9
2819021,Amanda Sweeney,Urban Studies,5.0
2716799,Vivian Chu,Psychology,4.9
2565176,Faiyaz Syed Jafri Jr.,Graphic Arts,5.0
2161234,Rudolf Nisanov,Psychology,4.9
2015333,Jeffrey Satenstein,Accounting,3.6
2145288,Mohammed Ezzeldin,Classics,4.7
1970094,Leslie McCleave,Media Studies,2.6
2163670,Dorian Abreu,Economics,4.5
1312154,Justin Storbeck,Psychology,4.2
798589,Meghan Healey,Performing Arts,4.3
1656612,Susan Sepe,Sociology,4.2
2198021,Jonathan Ament,Sociology,3.6
917973,R Hoover,Physical Education,4.6
2927459,Monika Herrera,Psychology,5.0
1850049,Rajvir Kaur,Student Services,2.3
2104684,Albert Kim,Biology,3.0
153248,Pamela Derosse,Psychology,4.2
2926433,Aliza Ashraf,Philosophy,4.0
2237782,Hye Su Lee,Art,5.0
2192376,Taner Ture,Chemistry,3.5
2449492,Dwayne Baker,Urban Studies,2.7
3019777,Khanh Le,Linguistics,1.0
2795005,Mathew Rubin,Accounting,4.6
2461581,Michael Magoulis,Computer Science,3.9
2731540,Clint Weastwood,Computer Science,4.7
670620,Carolyn Webb,Fine Arts,4.0
3018620,Ray Liu,English,5.0
2459271,Erika Figel,English,4.4
22553,Fern Sisser,Mathematics,4.0
2294920,Alicia Meléndez,Biology,2.9
2699489,James Cohen,Media Studies,5.0
251586,. Savage-Dun,Biology,2.6
402288,Alpana Bhattacharya,Education,3.5
1335564,Jared Mijares,Economics,2.2
788206,David Linn,Accounting,4.1
2405575,Ben Strassfeld,Media Studies,4.3
2095901,Sally Radford-Izquierdo,Psychology,3.6
1953691,Michael Joseph,Mathematics,4.1
2147359,Kate Schnur,American Studies,4.3
475528,John Waldman,Biology,3.5
2561324,Matthew Mautarelli,Political Science,4.9
1140255,M Davis,Theater,4.6
2504645,Marcela Ossa Parra,Education,4.9
2780507,Pranitha Premnath,Psychology,5.0
1095112,Antonio Donato,Philosophy,4.4
3017980,Eric Goldfischer,Risk Management & Insurance,2.5
2983481,Idil Onen,Urban Studies,5.0
70119,Michael Newman,Languages,3.0
3017780,Oleg Kogan,Physics,3.0
2475999,Alexia Papigiotis,Philosophy,4.6
2265308,Henry Shum,Chemistry,5.0
2531792,Shaila Ahmed,Chemistry,3.2
2819513,Shathani Rampa,Psychology,4.7
3017953,Thomas Finkelpearl,Art History,5.0
53835,Joe Rollins,Political Science,4.1
2408540,Elaine Housseas,English,4.8
2583427,Amy Fortunato,Design,3.2
2602746,Fevronia Soumakis,Writing,4.5
2035578,Xiuyi Huang,Computer Science,2.7
2636499,Tyler Crown,Political Science,4.4
1930513,Mary Zamudio-Aufenanger,Spanish,4.2
2670794,Laurin Larian,Biology,3.6
2354583,Mary Aufenanger,Spanish,4.6
2869802,Jonathan Gryak,Computer Science,1.3
2872575,Nandini Banerjee,Music,4.0
1425103,Joy Quiles Tajes,Psychology,4.7
356109,Joe Emmett,Biology,3.9
1985269,Natalya Balnova,Graphic Arts,2.9
746026,Grace Davie,History,3.2
2019604,Joseph Chan,Accounting,4.4
2946164,Hajara Masood,Languages,4.5
1130650,Renu Bhagat,Political Science,2.8
1875824,Alexis Amann,Anthropology,4.4
1312174,Miryam Segal,Classics,2.3
2152321,Victoria Fischer,Nutrition,1.9
2127554,Lauren Heffernan,Linguistics,5.0
2994073,Miaolan Chen Weng,Chemistry,5.0
3017385,Yelizaveta Shapiro,English,3.0
288377,Andrew Paizis,Economics,3.4
1870898,Michael Crowder,History,4.2
333836,Yunzhong Shu,Languages,2.4
344373,Peter Glass,Physics,3.3
104886,Donna Doyle,Music,3.8
2271348,Lizandra Friedland,Philosophy,4.1
2516599,Inshan Hassan,Chemistry,4.8
3017302,Matthew Ecker,Economics,5.0
3017304,Anika Wright,Business,5.0
446485,Robert Goldberg,Computer Science,2.9
454843,Barry Leibowicz,Accounting,3.5
377114,Jose Martinez-Torrejon,Languages,3.4
2287902,Manashe Khaimov,History,3.7
2701863,Mikell Bursky,Psychology,5.0
2128325,Dana Calvet,Linguistics,3.5
2721485,Christopher Rincon,Psychology,4.7
2358899,Rafael Sanchez,Languages,4.7
2922343,Noella Chye,Ethnic Studies,5.0
417485,Tim Short,Biology,4.1
2087870,Rafael Balanzo Joue,Urban Studies,3.3
2547577,Onur Ayaz,English,5.0
1888647,Alana Salcer,Art,3.5
2270431,Vladimir Shuvayev,Physics,3.3
1336987,Jason Sand,Education,4.1
1405223,Daniel Yuabov,Mathematics,4.3
2353957,Dianne Greenfield,Earth & Environmental Sciences,2.3
2837312,Alia Vias,Psychology,4.7
2961632,Jason Altman,English,5.0
2760867,Gina Keatley,"Family, Nutrition & Exercise Sciences",4.0
2971211,Cheryl Leone,Education,1.0
2981178,Tracy Riley,English,2.7
2625816,Sandra Kennedy,Psychology,2.5
1373210,Brian Abrams,Education,3.9
2731766,Scott Ferrara,Anthropology,4.9
2944012,Wai Man Wong,Psychology,5.0
2099117,Keisha Phillips-Kong,Psychology,3.5
2019196,Amelia Marzec,Art,3.8
2607628,Jennifer Aguilera,Linguistics,1.0
1583844,Fei-Wen Pirovolikos,Biology,4.5
2788352,Yao Chu,Physics,3.6
2974796,Kevin Abraham,Computer Science,5.0
1087640,Teresa Gonzalez,Sociology,3.0
1684778,Ruth Jacobs,Education,3.2
2022441,Mariana Zinni,Spanish,4.8
2890984,Amanda Feltz,Environmental Science,3.5
1003601,Jeffrey Bird,Science,2.7
349043,Stephane Boissinot,Biology,3.1
2378980,Roberto Peredo,Fine Arts,4.6
991064,Michael Hickerson,Biology,3.1
2534743,Idalina Keller,Languages,3.0
2545453,Sara Hinojos,Media Studies,3.6
2602130,Joseph Lawrence,Biology,5.0
447250,Svetlana Cheloukhina,Russian,3.4
2615932,Sandy Placido,History,5.0
2150816,Sandi Westfal,Nutrition,4.4
2457721,Camilo Carvajal,Linguistics,4.0
2352186,Ann Raymundo,French,4.7
2976062,Sarah Deolall,History,5.0
1149432,Jasim Uddin,Mathematics,3.4
1162649,Ya Ching Hung,Physical Education,4.4
1907898,Alev Yildirim,Economics,4.5
2497563,Rosemary Twomey,Philosophy,2.5
2816895,Stephanie Balkaran,Biology,5.0
2329986,Timothy Benseman,Physics,5.0
2563594,Nan Hartmann,Asian Studies,2.6
695125,Christine Folch,Anthropology,4.4
1868885,Sandra Wozniak,English,2.1
2995984,Mark Hoff,Spanish,5.0
369982,Aziz Elmrini,Mathematics,4.8
2884049,Cayla Murphy,Psychology,3.0
1162630,Ying Zhao,Economics,3.0
2805370,Matthew Roland,Psychology,4.8
2804241,Priyanka Alluri,Psychology,4.3
447951,Lev Deych,Physics,3.3
2715340,Jeanpaul Salinas,Biology,4.5
2803095,Nicholas Welna,Anthropology,4.0
2623120,Diedre Flowers,History,2.3
2227999,Abderrahim Chouaib,Chemistry,3.3
1680305,Kate Reece,Health Science,5.0
2934193,Abdallah Alsallal,Languages,5.0
2507562,Emily Ripley,"Family, Nutrition & Exercise Sciences",3.3
2812560,Seongmin Ahn,Art,3.0
1589820,Arda Nazerian,English,4.4
2726496,Justine Lyons,Sociology,2.8
1556055,David Siegel,Political Science,4.9
2427996,Briallen Hopper,English,4.9
2932255,Kahtan Alsaedi,Chemistry,3.5
2658088,Tushini DeSoyza,Chemistry,1.0
2993141,Satyam Jha,Physics,4.0
2611783,Gloria Zarate,Accounting,3.9
2910488,Rima Kulimova,European Studies,5.0
173121,Christopher Vickery,Computer Science,3.1
2927462,Nickolas Dubin,Biology,5.0
2226810,Catherine Cordeiro,Spanish,4.5
412410,Edward Gruszecki,Physics,4.0
2009464,Edward Cooper-Owens,History,4.1
2990398,Natalie Milbrodt,Information Science,5.0
1312169,Karen Weingarten,English,3.7
1719389,Gregory O''Mullan,Not Specified,5.0
293015,Judith Ackerman,Fine Arts,4.1
2609629,Daria Tolstikova,Art,3.6
2935242,Maritza Meyers,Spanish,3.5
815780,Erica Caraway,Urban Studies,4.4
2986830,Zahava Lowy,Computer Science,5.0
2396148,Joseph Calamari,Accounting,4.6
1195089,Tracey Riley,English,2.8
941768,Kurt Kauper,Art,4.0
1681890,Salvatore Brienza,Speech,3.8
1180690,Seogjoo Jang,Chemistry,3.6
1091336,Sara Woolf,Education,3.7
2926688,Erik Stowers,Psychology,3.0
2156206,Anahi Viladrich,Sociology,4.6
2348100,Alexander Lord,Mathematics,3.3
2717836,Matthew Bradbury,Economics,3.2
1613657,Steve Malin,Economics,3.7
205789,Larissa Swedell,Anthropology,3.8
2961436,Jon Santucci,Political Science,4.8
1309716,A. Ostrowsky,Mathematics,4.2
2871546,Andreas Haralambou,Earth & Environmental Sciences,4.0
2841641,Victoria Lau,English,3.0
383914,Richard Marotta,English,4.8
2326480,Elena Luongo,Italian,3.8
2983255,Andres Carvajal,Languages,4.0
1260532,Katherine Antonova,History,4.5
1632337,Anita Feisullin,Accounting,4.0
2908821,Ryoji Mizutani,Education,5.0
2604149,Malika Ziyamova,Languages,5.0
326444,Marci Goodman,English,4.6
1868235,Humayun Kabir,Political Science,4.0
1089771,Joseph Cohen,Sociology,4.7
2913235,Gaslin Osias,Student Services,5.0
2981162,Charles Markbreiter,English,5.0
2237008,Joel Allen,History,3.6
2422638,Cecilla Salvatierra,History,4.5
2107776,Scott Kapuscinski,English,4.1
2753393,Katerina Yamamoto,Biology,5.0
2401412,Karen Abraham,Psychology,3.2
587828,Frances Feintuch,Languages,3.9
2126408,Evgeniya Koroleva,English,4.2
1621095,Andre Bregegere,Music,4.2
2660549,Eunmee Yoon,Languages,4.1
1649189,Claudia Feldstein,Theater,4.6
2475160,Guanglei Hui,Dance,5.0
2446860,Arash Pourebrahimi,Economics,4.7
345174,Steven Kruger,English,4.5
2469980,Tracy Hazas,Theater,5.0
2861879,Eric Rosano,Accounting,4.6
22549,Michael Steffy,Anthropology,2.5
781842,Patricia O'Connor,Philosophy,2.3
855541,Daniel Leavitt,Computer Science,4.1
1157814,Christopher Hanusa,Mathematics,3.7
932150,Elizabeth Ijalba,Linguistics,3.4
2111285,Toby Reich,Linguistics,3.6
2434889,Peter Heap,Sociology,3.6
2970063,Dominique Calandrillo,Speech,4.0
2809632,Jiacheng Guo,Art,2.6
411184,Gopal Sukhu,Languages,3.5
2288774,Patricia Pehme,Psychology,3.9
2864813,Sean Grennan,English,4.3
2973797,Maria Breen,Linguistics,3.5
1091363,Andrea Walkden,English,4.8
2105407,Lucia Cedeira Serantes,Information Science,3.4
2925769,Israel Kurtz,Physics,5.0
1650543,Krzysztof Klosin,Mathematics,4.8
1380600,Betty Ortiz,Education,3.6
2536365,Kevin Shih,Economics,3.4
1256494,Elaine Silverberg,Education,4.4
2890524,Lizheng Zhou,Computer Science,4.3
2945289,Christine Jang-Trettien,Sociology,5.0
311326,Russell Miller,Mathematics,2.8
2447164,Jo Barnett,Sociology,5.0
2474356,Mohammad Miri,Physics,4.3
1867674,Julie Boyd,Theater,4.3
2094708,Cecilia Lopez,Art,4.9
1923313,Catherine Cox,Theater,4.3
2927332,Michael Wolf-Sonkin,Computer Science,5.0
2096738,So Takei,Physics,3.8
2466607,Tuomas Korpijaakko,Design,4.6
2863587,Ariana campbell,Computer Science,2.0
2973141,Michael Loccisano,Biology,4.0
349784,Hefer Bembenutty,Education,2.9
22698,Warren Deboer,Anthropology,3.0
2500248,Angela Renz,Family Nutrition amp Exercise Sciences,4.8
2716821,Courtney Brea,Chemistry,2.7
60887,Joseph Pascarella,Social Science,4.3
2129270,Kara Schlichting,History,3.9
2436439,Jane Guskin,Urban Studies,4.8
2335091,Alice Scott,Education,3.8
2708396,Kara Pernicano,English,4.0
2719876,Rui Sun,Economics,3.4
1276963,Gerald Landau,Computer Science,3.7
2550367,Raymond Capra Jr.,Classics,2.6
1849928,Chengcheng Wen,Mathematics,4.0
1980399,Chana Mintz,Accounting,2.9
2213124,Rosanne Ebner,Art,2.8
424054,Yosef Alayev,Computer Science,3.2
414208,Richard Bodnar,Psychology,3.6
1393197,Alvaro Fernandez,Spanish,4.5
2602639,Laura Lombardi,"Family, Nutrition & Exercise Sciences",5.0
2704631,Judah Rubin,English,4.8
2756766,Nathaniel Lieb,Art,4.0
2968298,Holly (Robin) Rogers,Sociology,5.0
2929764,Concetta Livia,Philosophy,5.0
942599,Lucian Makalanda,Mathematics,4.0
1504010,Ann Marie Drury,English,4.6
2859471,Kenneth Heaslip,Accounting,3.3
2910923,Ashley Marinaccio,Media Studies,5.0
2965436,Sonia Gonzalez,Writing,3.0
2618462,Mia Brett,History,2.7
969882,Bradley Gardner,Urban Studies,4.0
2617809,Ann Stoeth,Geology,3.8
2689301,Jessica Cannon,Art,5.0
2886151,Ezekiel Willerson,Psychology,5.0
2472889,Bradley Bergey,Education,3.2
1552989,Morena Corradi,Italian,3.5
569104,Jinghong Li,Business,1.4
2602874,Eunbi Lee,Education,4.6
2702589,Memona Ali,Mathematics,3.7
153656,Edmund Leites,Philosophy,2.4
1774010,Nora Carr,Languages,3.6
1401777,Maksud Lasker,Mathematics,4.7
2922671,Floriana Frigenti,Italian,2.7
651747,Rebecca Steiner,Mathematics,4.0
2074646,Angelo Liberta,English,1.0
2697644,Daniella Dimaggio,English,5.0
2932745,Daniele Cameron,Psychology,1.3
995208,. Kumar,Chemistry,2.1
406682,Zadia Feliciano,Economics,3.3
1312155,Yoko Nomura,Psychology,3.3
2053981,Moshe Adrian,Mathematics,3.8
2598862,Meagan Cea,Sociology,4.7
2952806,Mark Mays,Psychology,5.0
1814278,John Ament,Sociology,4.5
2941632,Eliyahu Tzadok,Economics,5.0
2943874,Yaakov Darmoni,Political Science,5.0
2926155,Ken Silverman,Political Science,4.0
2511566,Talha Issevenler,Sociology,2.9
210979,David Kirschner,Accounting,3.7
1865230,Natalia Londono,Economics,3.3
561166,. Satenstein,Accounting,4.1
463534,Zoe Beloff,Communication,2.5
2086488,Maria Milan,Spanish,2.4
2314489,Rosanna Esquen,Spanish,3.8
2443119,Nicholas Vlamis,Mathematics,3.4
758793,Keena Lipsitz,Political Science,4.6
218595,Talia Schaffer,English,4.3
2944034,Madeline Yap,Languages,5.0
2333416,Cristianna Colella,Biology,3.7
1305075,Xiao LI,Chinese,4.1
1312130,Maria Sabitova,Mathematics,2.8
2712837,Amanda Kenepp,Psychology,5.0
2637447,Hannah Cooke-Ariel,Chemistry,4.0
679673,Benjamin Young,Philosophy,3.5
2941252,Kevin Canyon,English,5.0
287964,Peter Vellon,History,4.4
2906141,Sophie Barno,Biology,5.0
2352671,Laura Giatti,Linguistics,3.1
2768478,Jeenia Zaki,Biology,2.6
2628692,Kathryn Rodriguez-Roginski,Sociology,4.4
1023718,Aaron Ho,English,2.8
2792927,Mohamed Gamal-Eldin,History,5.0
839731,Nathalia Holtzman,Biology,2.7
1450265,Andrew Derosa,Art,3.1
2410158,Marjana Islam,Mathematics,3.3
2884617,Yzza Sedrati,Anthropology,5.0
498381,John Terilla,Mathematics,3.7
2146727,Wayne Cohen,Music,4.2
2178529,Dustin Grella,Art,5.0
494164,Norka Blackman-Richards,English,3.8
1526030,Gloria Fisk,English,4.4
2923993,Costa Constantinides,Urban Studies,5.0
294708,Maxine Fisher,English,4.2
2836197,Theodoros Karnavas,Biology,4.9
2912668,Daria Collins,Communication Sciences,4.0
1702865,Michael Zapf,Accounting,4.4
185821,David Gerwin,Education,2.2
545145,Francois Silatchom,Economics,2.8
1052597,Joy Fuqua,Media Studies,2.7
2606904,Iordan Konarski,Physics,5.0
1702863,Helen Schwalb,Accounting,3.5
2632863,David Sage,Classics,5.0
1597063,Tyler Tseng,Computer Science,5.0
2659719,Claudia Cali,Music,4.2
1615629,Jorge Ramos,Chemistry,2.2
2148908,Andy Abreu,Computer Science,1.9
2913161,Sanjay-Richard Tejiram,French,5.0
2350533,Ricardo Gonzalez,Mathematics,2.9
843900,Javier Seymore,Accounting,4.4
2284400,Andres Bernal,Urban Studies,4.3
258595,Tom Plummer,Anthropology,4.2
2654514,Sharmishtha Chowdhury,Asian Studies,3.0
2317842,Jennifer Brown,Information Science,4.3
2678708,Tracy Billado,History,2.6
2146277,Ala Alryyes,English,4.3
506213,Karen Sullivan,Languages,3.7
1943185,Iemanja Brown,English,4.5
2603501,Luis Quesada,Anthropology,3.3
2715726,Luis Quesada Nieto,Anthropology,2.0
2601844,Sara Gant,Mathematics,3.9
968569,Lauren Caiaccia,Physical Education,3.7
2300298,Sarah Coluccio,English,4.9
2918067,Shu Wu,Chemistry,3.0
2917780,Malcolm Drewery,Sociology,5.0
2614544,Maria Troianos,Education,4.7
1950432,Melinda Altman,English,3.5
2296761,Evan Turiano,History,4.5
2914040,Barbara Kinsella-Kammerer,Psychology,5.0
1512012,Beatriz Pena,Spanish,4.3
2578194,Kristy Caldwell,Design,5.0
391196,Seymour Mintz,Accounting,3.4
443802,. Qureshi,Accounting,2.3
2243897,Mikhail Kimatov,Mathematics,4.6
2600119,Beiyi Hu,Sociology,5.0
2060366,Susan Rotenberg,Chemistry,2.9
2313055,Jennifer Kourassanis,Psychology,3.7
907474,Shiro Withanachchi,Economics,3.8
2714131,Diane Shults,Business,3.7
1966901,Andrew Alger,History,4.2
194332,Kimiko Hahn,English,3.7
2702524,Katarzyna Zajac,French,4.4
2156643,Michael Dellova,Risk Management Insurance,5.0
216934,Beverly Fenig-Ducat,English,4.3
2241059,Nadia Madacsi,Spanish,4.2
2445669,Steven Harris,Art,4.0
2914236,Fei Fang,Computer Science,5.0
1396526,Maria Duravcevic Gjonlekaj,Mathematics,4.0
1874797,Elena Mancini,Literature,4.1
1646391,Jacqueline Mulone,Psychology,4.7
1940981,Beth Sherman,English,4.2
414174,Giuseppe Cataldo,Psychology,4.2
2651458,Megan Pindling,English,4.7
2913921,Eleanor Whitney,English,5.0
1876802,Lauren Reganato,Social Science,4.6
2743698,Khaled Al Hilli,Languages,2.5
848558,Nora Teikmanis,Comparative Literature,2.8
418819,Carol Giardina,History,3.7
1981404,Karen Gouede,Education,3.7
2495600,Nicola Lucchi,Italian,4.9
2880031,Jong Song,Music,5.0
2913670,Nabeela Habibulla,Sociology,5.0
399450,. Fleming,Health Science,4.1
2421347,Mana Kobuchi-Philip,Linguistics,3.8
2452120,Matthew Feinstein,Physics,4.3
2913253,Y.H Chu,Physics,5.0
2913171,Lisa Rosenzweig,Communication Sciences,5.0
544009,Jon Sperling,Biology,3.7
1931135,Lynn Spivak,Speech,2.3
2716496,Peter Dubon,Biology,4.5
2837549,Sabir Semerkant,Business,5.0
1867504,DO Lee,Urban Studies,4.9
2819718,Rachel Stern-Lockerman,Psychology,4.4
2598930,Benjamin Gruendler,Art,5.0
2837455,Theo Almeida,Political Science,1.0
2006384,Sophia McGee,History,4.9
2567937,Deborah Mesa-Pelly,Fine Arts,3.7
2257248,Paulette Martinez,Education,5.0
185947,Cathy Callis,Music,3.2
329320,Yunping Jiang,Mathematics,3.2
2184208,Arnold Adler,Writing,1.9
2438657,Sayashmini Madhow,Biology,4.2
2628446,Souad Bouhayat,French,5.0
2832784,Anna Kristen,Art,3.0
1903712,Linda Catalano,Sociology,3.3
553432,Juan Caamano,Languages,4.0
2274995,Joseph Deleo,Music,5.0
2176464,Michael Stevens,Accounting,3.7
2751304,Rob Nadeau,Art,4.0
2020260,Ashima Kant,Family Nutrition Exercise Sciences,1.8
2911636,Yana He,Chinese,5.0
2061360,Clint Ruhlman,English,4.2
2819458,Shari Zimmerman,Biology,4.0
1905845,James Richie,English,3.7
2588539,Laura Liendo,Spanish,3.7
2658943,Guoxiang Emma Hu,Chemistry,2.9
218410,Thomas Lemonda,"Family, Nutrition & Exercise Sciences",3.1
2474837,Elizabeth Baker,Education,2.8
2567941,Malcolm MacDougall III,Fine Arts,5.0
2908817,Alejandro Lorenzo,Art History,5.0
1602242,Jack Giamanco,Psychology,3.7
2905656,Elizabeth Lepore,Sociology,5.0
391717,Giulia Po,Languages,3.9
1851464,Erin Wuebker,History,4.3
2068439,Nuria Rodriguez-Planas,Economics,1.6
1773578,Drew Bucilla,Art History,4.0
2718156,Aaron Malinoski,Chemistry,5.0
413601,Fred Cadieu,Physics,2.2
1572575,Jennifer Sloan,Sociology,5.0
2524020,Aaron Gurwitz,Economics,2.8
1903385,Patricia Cooper,Education,2.9
2465362,Mihaela Robila,"Family, Nutrition & Exercise Sciences",3.2
1404480,Mikhail Munenzon,Business,4.1
2705416,Taruna Sadhoo,Humanities,2.8
2834332,Veronica Kordmany,English,5.0
1974091,Charles Raffaele,Education,3.7
1519361,Jia-Xuan Zhang,Chinese,4.7
2630958,Christine Ginalis,Psychology,3.2
361796,Sue Goldhaber,English,3.4
2502875,Gabriella Robinson,Psychology,3.8
1118578,Sharisse Kanet,Philosophy,4.2
2542513,Victoria Fairchild,Psychology,5.0
2874913,Fei Zhai,Computer Science,1.0
2831673,Adriana Galante,"Family, Nutrition & Exercise Sciences",3.0
1310004,Sheldon Wayman,Economics,3.8
82863,Magnus Bassey,Education,3.0
808888,Peter Novick,Biology,4.6
1932980,Ting Wang,Economics,2.4
2678488,Tomasz Zyglewicz,Philosophy,5.0
2867702,Jessica Angelastro,"Family, Nutrition & Exercise Sciences",5.0
1985918,Michael Nelson,Art,3.5
2037260,Tree Chuixiang Yi,Earth Environmental Sciences,3.9
2521646,Sebastian Alvarado,Biology,1.5
1095288,Rhonda Tenenbaum,Business,3.0
2664909,Wen-shan Shih,Chinese,5.0
2886033,Sarah Bowe,Music,2.0
1129195,Serenity Young,Asian Studies,2.4
1690453,Kangmei Yang,Computer Science,3.1
2838453,Ying Kang,Computer Science,5.0
1095849,Jennifer Stengel- Mohr,Linguistics,4.8
533829,Charles Martin,Literature,2.6
2020823,Deirdre Cooper Owens,History,2.5
2294301,Gordon Barnes Jr,History,2.7
2703223,Pere Nogues Martin,Anthropology,5.0
2799372,Meghan O'Malley,English,3.5
1728758,Ryan Smith,Art,3.8
2881018,Caroline Nelson,Art,5.0
1690528,Danielle Beech,Psychology,4.8
2167900,Sehar Shah,Political Science,2.9
2800603,Lizheng Zhou,Computer Science,3.0
2609630,Seongmin Park,Design,2.0
2818164,Jennie Youssef,Media Studies,5.0
2016394,Hyesu Lee,Art,4.9
2514322,Fred Cadieu,Astronomy,3.7
2608028,Shana Samuel,Psychology,4.7
2804614,Mathew Romero,Psychology,5.0
2471013,Dakota Egglefield,Psychology,4.1
2382540,Kelly Embree,English,4.0
2795696,Martha Schulenburg,Music,4.0
2610806,Serinity Young,Religious Studies,2.8
781709,Christopher Lee,Science,5.0
2877384,Ferdoushi Hossain,Mathematics,5.0
2431657,dean schafer,Political Science,4.5
2686836,Zhujun Li,Computer Science,4.5
1691222,Costa Constantinedes,Political Science,5.0
2805611,Ekim Kilic,Political Science,4.0
630042,Dana Weinberg,Sociology,2.6
623836,Marvin Gruza,Accounting,2.3
573063,Wei Wang,Mathematics,2.0
1989542,Daniel Gloster,Chemistry,4.5
2534526,Samuel Teeple,Music,4.4
2408281,Eunjeong Lee,English,5.0
2567613,Yafang Zhao,Computer Science,2.7
98626,John Bowman,Political Science,3.1
2351268,Xiaomeng Kong,Mathematics,3.8
2452158,Archil Dvalishvili,Economics,4.3
2201986,Scott Ewing,Psychology,4.9
2195317,Mayank Goswami,Computer Science,3.5
327182,Stephen Grover,Philosophy,3.5
1723802,LI MA,Chinese,3.8
2675021,Robert Habig,Biology,5.0
2838885,Nelson Perez-Melgar,English,5.0
2747683,Claudia Calhoon,Urban Studies,5.0
1251541,Elliot Katten,Chemistry,2.3
2217923,Abbas Husain,Biology,3.6
2781308,Bart Orr,Urban Studies,4.3
2780422,Cristina Price,Economics,5.0
1456708,Ingrid Gomez,Spanish,4.3
1694060,Mitchell Shur,History,4.1
2278069,Niki Mirabella,Education,2.9
2449245,Henry Gold,Earth amp Environmental Sciences,3.5
2801989,Jamie Zabinsky,English,5.0
2161212,Georgia Belesis,Education,5.0
2659397,Kristina Aranbayeva,Student Services,4.0
789772,Mike Marroquin,Psychology,4.7
2635080,Sechong Kim,English,5.0
2545903,Natalia Prando,Psychology,4.7
2529705,Meredith Price,Nutrition,1.7
1533891,Rowena LI,Information Science,2.1
2158462,Thomas Jockin,Design,3.0
2869822,Mubinjon Satymov,Physics,5.0
1588856,Michael Salamatbad,Biology,1.7
2230643,Theodore Kesler,Education,3.8
2417260,Mary Ryan,Linguistics,3.6
2021906,Michael Cohen,Media Studies,4.8
2732402,Jaclyn Doherty,Psychology,5.0
2697187,Wendy Zhao,Art,5.0
2389797,Daniel Yakubov,Biology,4.5
2828913,Catalina Tapia,Biology,4.0
2716797,James Tolleson,Anthropology,3.1
2775873,Sophia Siegel-Warren,Theater,5.0
2379186,Mary Faller,Family Nutrition amp Exercise Sciences,3.9
1413499,Cesar Castillo,Biology,4.4
2296540,Deborah Gruber,Judaic Studies,4.5
2810213,Maria Grasso,Education,1.0
185822,Alice Artzt,Education,3.7
1063467,Chastity Whitaker,English,3.9
2229551,Grace Kim-Lambert,Linguistics,4.9
2561840,David Lopez Garcia,Urban Studies,4.9
2537185,Rosalia Conoscenti,Italian,1.7
2666870,Lucas Ashby,Linguistics,4.6
2722189,William Spisak,Urban Studies,4.5
2661954,Emily John,English,5.0
2203618,Stephen Eder,Psychology,4.9
294716,Nicole Cooley,English,4.7
2527763,David Galler,Chemistry,1.7
450758,Mindy Altman,English,3.8
2121758,Daniel Kaufman,Linguistics,4.4
1208799,C. Cox Evans,Fine Arts,4.4
1155071,Douglas Meyer,Sociology,4.6
1692881,Paula Gillman,Mathematics,2.6
416569,Nancy Cohen,Fine Arts,3.8
820339,Hon Ho (David) Chow,Mathematics,2.9
2073763,Michael Dellova,History,3.8
2857770,Steven Kurniawan,Social Science,5.0
2540733,Alexandra Meric,English,1.4
2444564,Lauren Galanaugh,Psychology,4.6
867193,R. Figelman,Physical Education,4.0
2379264,Sheila O'Neil,Education,3.5
2395806,Michael Thaler,Accounting,3.8
758010,Karina Attar,Italian,4.5
408082,Toby Glickman,Music,4.5
2218385,Maria Biondi,Family Nutrition Exercise Sciences,3.7
2222646,Shahriar Ashraf,English,4.6
2304632,Sherry Baron,Urban Studies,5.0
2831555,Juan Acevedo,Political Science,1.5
670615,Yin Mei Critchell,Fine Arts,4.8
1716136,"Andrew Paizis,",Economics,1.8
22539,Evan Zimroth,English,3.5
2747203,Emily Crandall,Political Science,2.3
2558386,Ria Bissoon,Psychology,5.0
103999,Arthur Costigan,Education,2.2
2283313,Aida Abbasiazam,Chemistry,4.7
2764101,Katie Machen,English,5.0
2571413,Nevair Oranjian,Education,3.4
1663394,Glenn Goldberg,Art,3.8
1712246,Tommy WU,Sociology,3.1
1689676,Matthew Greco,Art,4.9
2619534,Lionel Chan,Linguistics,2.5
2629084,Cong Zhao,Art,4.5
1102207,Joseph Hirsh,Mathematics,2.7
298240,Ziva Flamhaft,Political Science,3.7
2368930,Renne Castro,Computer Science,4.3
1943620,Edward Klorman,Music,5.0
2669293,Cherise Evans,Chemistry,1.5
2819707,Alice Tsui,Music,1.0
2392421,Allison Pulizzi,Psychology,2.6
202877,Edgar Mcmanus,History,3.8
2661153,Chris Galarraga,Biology,3.5
211880,Peter Sturmey,Psychology,2.2
82090,John Lange,Philosophy,2.7
1249072,M Detres-Hickey,Sociology,4.0
2656240,Olivia Padelukas,Psychology,3.8
327452,Joyce Tang,Sociology,2.6
2794414,Se Chong Kim,English,5.0
2056283,Kristena Newman,Psychology,4.6
1796064,Julieanne Guadalupe,Psychology,4.3
894953,Vanesa Katz,English,3.8
2590380,Eric Graig,Sociology,1.5
2410802,Rudy Wu,Mathematics,4.9
2007462,Monika Rydzewski,Mathematics,4.3
1089765,Joshua Waxman,Computer Science,3.4
1089433,Domenico Romero,Political Science,4.6
2085697,Pablo Moraga,Spanish,4.7
204990,Farahmand Rezvani,Economics,4.1
758466,Sima Gerber,Linguistics,3.4
2328043,Elsa Rosario,Biology,4.4
225280,Moncada - Davidson Lilian,Education,1.9
1264075,Jeff Greenberg,Theater,3.8
1162640,Holly Reed,Sociology,4.7
1953188,Georges Courtadon,Business,4.1
2800533,Kristen Kenny-Didamo,"Family, Nutrition & Exercise Sciences",5.0
2602636,Marie Weisbrot,"Family, Nutrition & Exercise Sciences",4.3
2768340,Jack Barnhardt,Psychology,2.0
2388376,Jessica Polish,Philosophy,4.5
2805423,Gregory Lallos,Biology,2.0
441213,Jennifer Eddy,Education,2.7
2787225,Joan Anderson,Education,1.0
453881,Janice Smith,Music,2.9
1261786,Marc Helman,Geology,2.1
2649682,Kennly Weerasinghe,Earth & Environmental Sciences,4.8
2465760,Kristen Racaniello,Art History,2.6
2452963,Jeffrey Kasper,Art,5.0
2804397,Anna Truxes,Art History,2.0
1793734,Weldon MacDonald,Physics,4.0
2245407,Leila Walker,English,4.7
1935543,Mary Burnham,Art,1.2
2536167,Idan Liav,History,3.3
2767718,Elisabetta Zarcone,Italian,1.9
2496385,Sharon Jackson,Sociology,5.0
2805668,Robert Merkin,Music,1.0
2779755,Zohaib Shah,Chemistry,5.0
1082221,Chuixiang Yi,Geology,3.7
54858,Harriet Li,Education,4.3
1956288,Daniel Deych,Physics,3.1
1521195,Paul Holchak,English,4.3
2581363,Alex Pang,Computer Science,4.0
1261762,Vishni Withanachchi,Economics,3.9
2769043,Ria Galang,Psychology,5.0
2803997,Tsipora Sassoon,Biology,5.0
2691278,Craig Michaels,Education,3.0
2523565,SungHee Kim,Psychology,4.1
2519131,Ariel Zucker,Psychology,5.0
2185735,Larry Liebovitch,Physics,3.3
2265955,Marina Colajanni,Italian,4.5
1248244,John Dennehy,Biology,3.4
2589682,Ryan Shinn,Anthropology,4.5
2759654,Silvia Angles,Environmental Science,4.8
2271369,Taly Ben-Yakar,Languages,4.1
2649572,Sukyoung Kim,English,5.0
2716803,Valerie Matos,English,4.3
377859,Barry Lebowitz,Accounting,3.4
2398180,Xinying Wang,Mathematics,3.0
2640516,Carey Wells,History,1.4
2731909,Nicole Cote,English,3.8
2352190,Blanche Zahran,French,4.7
2770462,Junjie Chen,Mathematics,5.0
2598492,Eric Wilson,English,3.6
2453696,Elivia Bovenzi,Theater,4.9
2730856,Erick Castillo,Computer Science,5.0
2575077,Sophie Schiff,Psychology,5.0
1794394,Galina Letnikova,Information Science,3.5
2333803,Meng-Ting Chen,Economics,3.6
2230808,Ursula Nigrelli,Accounting,3.5
1458874,Augusto Verastegui,Spanish,4.3
2768477,Anika Sanjana,Biology,5.0
1617043,Scott Larson,Urban Studies,4.4
2517290,Anna Orton-Hatzis,Art History,4.4
2381541,Kathleen Sherwin,Education,3.0
2355404,Margot Kotler,English,3.9
2444895,Jennifer Arougheti,"Family, Nutrition & Exercise Sciences",4.9
2668456,Karen Zaino,Education,5.0
2718428,Terence Crossan,"Family, Nutrition & Exercise Sciences",5.0
2700473,Gary Haehlen,Sociology,5.0
2679266,Patrice Morgan,English,4.5
2459451,Michail Fazylov,Chemistry,5.0
2614271,Chia-Chien Chen,Psychology,2.4
2602549,Talya Wolf,Sociology,5.0
2784364,Kimberly Gonzalez,Psychology,5.0
2507311,Afsaneh Tousi-Hakimian,Mathematics,2.8
1560008,Heather Zuber,English,2.8
432375,Nora Glickman,Languages,2.2
2589218,Amy Herzog,Media Studies,5.0
2668881,Rigaud Noel,Urban Studies,5.0
2217554,Noa Hazan,Languages,5.0
174729,Arbie Orenstein,Music,3.8
2077619,Guozhen An,Computer Science,3.4
2383169,Lindsay Morgan,Family Nutrition amp Exercise Sciences,2.8
1162636,Kristina Richardson,History,3.6
2551420,Rezarta Hoxhallari,Geology,2.3
2241878,Scott Ahroni,Accounting,3.0
2376866,Samantha Tramontano,Geology,5.0
620017,Helisse Levine,Economics,3.1
405904,Diane Karol,Fine Arts,2.9
111412,John Furnari,Social Science,4.4
2293331,Michelle Cassano-Repole,Linguistics,3.6
120492,Andrea Mosenson,Education,5.0
2020918,Anastasia Capetanos,Sociology,3.2
794731,George Hendrey,Science,2.6
1510205,Nicholas Palmisano,Biology,4.3
153222,Monica Casco,Languages,2.9
257769,Lillian Moncada-Davidson,Education,1.8
2570114,Oscar Gonzalez-Barreto,Spanish,4.5
35765,Carole Eisen,Mathematics,2.2
1436107,Mark Simon,History,3.9
1854963,Rebecca Taleghani,International Studies,4.3
2203530,Elizabeth Farrell,Earth Environmental Sciences,3.5
328635,Steven Schwarz,Physics,4.8
506223,David Jones,Languages,4.6
545467,Laurette Tekverk,"Family, Nutrition & Exercise Sciences",4.6
2466065,Igor Pustovoit,Languages,5.0
2638891,Mamori Sugita,Japanese,5.0
2237411,Ryan Wilson,Earth Environmental Sciences,4.3
1255591,Alan Gonzalez,Sociology,4.0
400819,Alexandra Cvejic,English,2.5
2322519,Joshua Good,Mathematics,4.8
2423941,Kent Szlauderbach,English,3.8
2301962,Laura Ping,History,4.4
1950565,Agnieszka Mlodnicka,Psychology,1.7
2382876,Andrew Aprile,Education,4.9
346386,David Hornung,Accounting,3.4
2677612,Selma Skrijelj,Honors & Scholarships,5.0
2717315,Anna Dinwoodie,English,3.5
2295888,Sophie Riemenschneider,English,4.4
2560938,Stephen Arnott,Biology,4.1
1633047,Anita Feisulin,Accounting,4.4
742822,Chris Dolman,Theater,4.4
2631361,Mitchell Wilson,English,5.0
1068947,Francis Forrest,Anthropology,4.7
60885,Robin Rogers,Social Science,4.2
545826,Jacqueline Darvin,Education,4.1
2778134,Jacqueline Sarmiento,Biology,5.0
432340,Theodore Kessler,Education,2.6
2775812,Tobias Hatten,Science,1.0
2586621,Annalise Caviasco,Psychology,4.6
203729,Yu Ren Dong,Education,3.4
2732140,Apoorva Vashisht,Psychology,5.0
1716137,Paizis Andrew,Economics,2.8
2048778,Xinlong Dong,Mathematics,4.2
78229,Scott Soares,Social Science,3.9
2511296,Danielle Russo,Dance,4.5
2753827,Yaxkyn Mejia,Biology,4.5
1677623,Dorothy Davie,History,5.0
1516991,Wei Simi,Business,1.4
2734665,Thomas Kettig,Linguistics,5.0
2151370,Christopher Esposito,Art,4.0
1538835,Wesley Buckwalter,Philosophy,4.5
943474,Bobbie Kabuto,Education,4.2
2578977,Brittany Suh,Sociology,5.0
2534841,Ryan Sullivan,History,4.7
1934927,Mary-Anne Madeira,Political Science,4.2
2632968,Xinying Wang,Computer Science,2.3
2728736,Joshua Abrams,Biology,4.3
2131006,Marvin Milich,Accounting,3.4
2536542,Salazar Monarrez,English,4.7
2761647,Deborah Phillip,Anthropology,5.0
2742000,Jessica Malucci,Nursing,5.0
2549877,Katherine Chang,Psychology,3.6
2096692,Sori Yoo,Economics,2.6
1173102,R Esquen,Spanish,3.4
2494320,Lois Harris,Education,1.2
2274934,Allison Meyers,Psychology,4.9
2491224,Shira Russell-Giller,Psychology,4.6
2212789,Shaun Lin,Urban Studies,5.0
2108059,Alfredo Spagna,Psychology,4.3
1197697,Kabir Mohammad,Political Science,4.3
285178,Hugh English,English,2.9
1812414,Fischthal Arnold,Mathematics,2.8
2760320,Leora Tanzman,Honors,5.0
2047897,Polina Shkadron,Linguistics,3.2
2494856,Riley Kellogg,Writing,2.0
1817760,Miles Grier,English,3.6
2498540,Mark Abramov,Computer Science,4.8
2231563,John Wagner,Economics,4.0
2028909,Miriam Liebman,History,4.2
1977976,Nadia Augustyniak,Anthropology,4.4
2546791,Enas Albasiri,Linguistics,3.6
2645264,Dina Weiss,Education,4.3
2176505,Magen Martinez,English,3.9
832328,Eric Chan,Chemistry,4.5
2460505,Weiheng Sun,English,4.4
2618171,Melissa Pocsai,Psychology,3.3
2598013,Emily Price,English,5.0
2658449,Amy Wan,English,4.0
2728966,Iantheia Calhoun,Music,1.5
2731306,Hang Zheng,Computer Science,5.0
2760267,Nicole Dennis-Benn,English,3.0
2312537,Shuheng Wu,Information Science,4.9
2292850,Christine Chang,Mathematics,4.6
2329964,Lucille DiMola,Family Nutrition amp Exercise Sciences,3.2
2586903,Dipesh Koirala,Physics,3.0
346382,. Milich,Accounting,3.2
2002246,Hilarie Ashton,English,1.1
2757335,Bill Orchard,English,1.0
399458,Melvin Bernstein,Mathematics,3.5
2227858,Kaung Myat Zach San,Biology,4.1
221384,Alan Weinman,Economics,2.7
1360395,T. Eaton,Geology,2.6
2451266,Francine Shahbaz,English,2.4
2508957,Kuhokee Das,Biology,3.2
2501949,Arnold Adler,English,2.0
1312149,Elissa Bemporad,History,3.3
1972836,Andrea DeFelice,Media Studies,4.4
2752555,William Griffith,Theater,5.0
1836683,Jason Jacobskind,Psychology,4.0
2106232,Annie Won,Art,3.9
2466344,Olga Vladova,Graphic Arts,4.3
2743918,Hope Komal,Education,4.9
2491803,Barbra Masters,Design,2.4
2668880,Jason Brody,Urban Studies,5.0
1086370,Susan Shaw,Graphic Arts,4.0
2354664,Mana Philip,Linguistics,3.7
1869545,Nicole Lorenzetti,Education,4.8
2674471,Emily Fogarty,Geology,4.0
2080904,Jay Ho,Chemistry,3.6
2428466,Rhonda Feder,Education,5.0
358352,John Carillo,English,4.7
2128009,Hannia Gillani,English,4.2
2265442,Angel Montero,Earth Environmental Sciences,2.5
857846,Royal Brown,Comparative Literature,4.5
2430672,Jessica Buthmann,Psychology,4.9
2628450,Regine Isabelle Joseph,French,4.0
1254138,Shahrina Chowdhury,Anthropology,3.5
2457679,Esther Wu,Design,4.0
1449716,Arthur Silverman,Accounting,4.0
1512242,Megan Paslawski,English,4.3
2421627,Jordan Wylie,Psychology,2.4
2209857,Sophie O'Manique,Urban Studies,4.3
2523375,Elisabeth Louis-Marijanski,Linguistics,2.2
1198783,Sian Silyn Roberts,English,3.9
2673741,Elliott Jun,English,5.0
1675072,Sun Kim,Education,1.0
2351147,Theresa Crupi,Computer Science,4.4
2642242,Alberto Gelmi,Italian,5.0
2144939,Cuiyuan Wang,Computer Science,3.3
2713281,Kenneth Goodwin Jr.,Economics,3.0
2599321,Alam Miah,Computer Science,2.5
2569525,Beth Schettino,"Family, Nutrition & Exercise Sciences",5.0
2443105,Jasmin Alim,Biology,3.2
2218486,Alexander Gailing,History,5.0
1879735,Myrthil Raymond,Economics,1.4
2307961,Todd Brown,Urban Studies,4.0
1992074,Andy Aabreu,Computer Science,3.5
2063432,Krishna Mahavadi,Computer Science,2.3
1033383,Claudia Brumbaugh,Psychology,2.8
2627805,Ester Aziz,Chemistry,2.7
1237339,A Mlodnicka,Psychology,3.1
2038309,Vishal Vig,Biology,4.9
2700966,Thomas Hedrick,Music,4.8
2107453,Cheng Luo,Accounting,5.0
255036,Tom Grochowski,Communication,3.2
2526133,Andleeb Tanvir,Biology,5.0
2702625,Gloria Stoyanova,Biology,5.0
593282,Jimmy Kalamaras,Education,4.8
2369897,Syeda Hadi,Sociology,1.4
2626796,Movses Pogosyan,Biology,2.0
2012828,Cong Chen,Computer Science,2.7
1180217,Heather Katz,Political Science,4.4
1104839,Harold Schechter,English,3.6
1890999,Theresa Fiani,Psychology,3.8
2296748,Ethan Goldberg,English,4.5
2565005,Michael Perrone,Education,5.0
1631735,Yair Solan,English,4.3
1271958,B. Wheatman,Accounting,4.5
1753841,O''Donoghue Kathryn,English,5.0
509405,Alan Stein,Social Science,4.7
2520607,Tabashshum Islam,Urban Studies,5.0
642058,Robert Weiss,Mathematics,2.5
1162654,Daniel Weinstein,Biology,3.6
2329538,Cassandra Imperato,Physics,2.8
2701948,Romina Mancusso,Chemistry,4.0
2515580,Anna Alicent Dickson,Chemistry,3.0
2615447,Allen Deur,Economics,4.0
1180836,Michael London,Mathematics,4.0
2576482,Shalima Wellington,English,4.8
2475170,Yiming Huang,Physics,4.0
200363,Allan Ludman,Science,3.4
2001404,Anna Larsson,English,2.1
2408280,Christopher Guzman,English,3.9
2382852,George Maroules,History,3.3
2634326,Pere Martin,Anthropology,5.0
2182792,Brianna Bisogno,Psychology,3.1
2452220,Chandni Tariq,History,4.9
1092355,Jason Neilson,English,3.9
1905867,Laura Villa,Spanish,4.8
2306886,Aishwarya Bhattacharjee,Biology,4.0
1150212,Line Augustin,Education,2.4
2604432,Vedat Onur Yilmaz,Biology,5.0
2170272,Sara Babad,Psychology,4.8
2264536,Jan Bazant,Mathematics,1.3
1744769,Anne Dilts,Education,4.7
1868764,Marie Keem,Sociology,3.9
2563559,Hillary Miller,English,4.7
2496929,Susan McCullough,Education,5.0
2099472,Jennifer Alberghini,English,2.7
1991366,Pearlie Singh,English,2.2
2021155,Changhe Yuan,Computer Science,3.3
2598276,Max Shmookler,History,4.1
2476796,Mitchell Wood,Education,2.1
2588548,Sophie Wu,Computer Science,2.5
2617409,Yagmur Sag-Parvardeh,Linguistics,4.6
2690051,Kimberly Ranchor,Geology,1.0
2383005,Christos Ioannides,Political Science,5.0
1904899,Lisa Maione,Graphic Arts,1.8
2609642,Naudline Pierre,Art,3.5
1539794,Ray Johnson,Psychology,2.6
1216892,Greggory Omullan,Geology,4.5
2382242,Isabelle Avildsen,Psychology,4.6
2601907,Evan Freeman,Art History,5.0
2326641,Faye Bourie,Psychology,2.7
1312145,Renee Weiss,Accounting,2.8
2329956,Karla Manning,Education,3.5
1908807,Mamori Hughes,Languages,5.0
1058420,Jason Nielson,English,4.7
2019644,Elan Abrell,Urban Studies,4.8
2278964,Barbara Walters,Sociology,2.9
2243416,Arlene Laverde,Information Science,5.0
339007,Keitaro Yukawa,Computer Science,2.2
762424,S Ahmed,Chemistry,3.8
2218567,Tatyana Ulubabova,Linguistics,3.1
2473575,Laura Klein,Chemistry,1.3
1172317,Jennifer Morrison,Psychology,4.4
2565364,Tianyu Bo,Chemistry,5.0
2666718,Joshua Barnes,Sociology,5.0
2579834,Tsz Yeung Chan,Chemistry,2.0
2698718,Peggy Samuels,Theater,5.0
2420770,Sai Ying Ng,Philosophy,4.8
2271777,Eli Joseph,Economics,4.7
1714659,Abraham Walker,Sociology,4.2
1693848,Geo Hull,Economics,3.7
22540,Duncan Faherty,English,3.8
475526,Zahra Zakeri,Biology,2.4
2629071,Md Rahman,Computer Science,2.0
2692266,Igor Kuskovsky,Physics,5.0
1776354,Alex Ramadanis,Education,3.5
2449188,Jonathan Camara,Finance,2.5
1589952,Aldean Beaumont,Education,4.5
1191085,Nazreen Bacchus,Sociology,3.3
2037794,Simone Yearwood,Information Science,5.0
2416668,Dex-Ann Brown-Grant,Chemistry,3.9
98642,Dianna Chen,Mathematics,2.8
1918006,Phillip Nandin,Mathematics,4.5
2373032,Devry Mourra,Psychology,3.7
2096679,Lori Perelmuter,Sociology,2.8
2346435,Jiyoung Choi,Languages,4.2
2603031,Heather Clarke Mackin,Education,5.0
2511479,Woo Ree Heor,English,4.0
53838,Harvey Burstein,Philosophy,4.2
488302,Michael Musuraca,Sociology,4.0
2096749,Sophia Sunseri,English,2.3
673642,Tyrone Mitchell,Fine Arts,3.0
997262,Wendy Powers,Music,4.4
2398751,Caleb Fridell,English,4.3
2675216,Christa Sankar,Chemistry,1.0
2468155,Maxwell White,Computer Science,4.0
2315870,Allison Douglass,English,4.2
2107060,Eve Bernstein,Physical Education,4.4
2235559,Alexis Brewer,Biology,2.0
1061892,Michele De Goeas-Malone,Linguistics,4.7
2449012,Leslie Akst,English,3.0
2444463,Aditya Kulkarni,Psychology,4.6
1546382,Jonathan Alexandratos,English,4.8
1973207,Jessica Young,Sociology,4.6
2282363,Nicole Rose,Anthropology,3.4
1525657,Daniel Evan,History,3.5
2273985,Cody Piotrowski,Chemistry,4.9
2602324,Zachary Mullen,English,5.0
2164186,Elissa Myers,English,3.3
2450156,JIAQI YANG,Computer Science,3.7
2234006,Laurie Barocas,Education,5.0
98632,Judith Kimerling,Political Science,2.8
1141338,E Powers,Art History,3.3
2423880,Chat Travieso,Graphic Arts,4.5
2327507,Beverly Sanders,Linguistics,3.8
2206105,Robert Vago,Linguistics,1.6
806468,Harry Kibirige,Information Science,1.5
2385942,Sydne Mccluskey,Education,4.0
2504753,Alexandra Pritchett,Psychology,4.9
2614767,Patricia Lennon,Education,5.0
2625954,Jake Nill,Urban Studies,5.0
2450247,Michael Shelichach,English,4.4
2214590,Emily Long Olsen,Linguistics,2.0
886627,Bobby Wintermute,History,3.1
2554158,Zeli Miceli,English,5.0
2342046,Brett Turner,Sociology,4.9
1970079,Anna Budd schneider,Psychology,3.3
326100,Irma Llorens,Spanish,4.3
2264343,Kate Farrington,Theater,3.3
1365593,B Fenig,English,4.2
2294665,Nicole Segal,Biology,1.8
2492551,Diego Barragan,Art,3.5
439033,Robert Elan,Accounting,3.9
2331088,Faye Rigogiannis,Psychology,2.6
2647653,Sidra Jabeen,Biology,2.0
1994968,Kathryn Dana,Psychology,4.8
2625470,Cristina Gabriele,Art,1.1
1251784,Judy Sund,Art History,4.0
2427916,Jeehyun Kim,Languages,5.0
2531965,Christopher Mendez,Psychology,4.7
2143824,Jackman George,Biology,3.2
2598101,Geohaira Sosa,Biology,5.0
2420558,Zahra Khalid,Urban Studies,3.5
2542241,Ege Aksu,Economics,5.0
2576386,Danxiaomeng Huang,Design,1.0
2633884,Sara Prewett,Education,5.0
493212,Harry Feiner,Fine Arts,2.5
2417839,Chenay Williams,Design,5.0
2155465,Kyriaki Mihelakis,Sociology,3.6
385451,Mary Lore,Economics,4.2
2654050,Lisa Hlinka,Geology,4.0
2578038,Annette Durrant,Urban Studies,5.0
2651960,Karen Johnson,Business,3.0
2276350,Nicholas Cross,Classics,4.5
2471532,Mitch Wood,Education,4.0
486033,David Wiener,Physical Ed,2.6
2420548,Emine Unluonen,Anthropology,4.5
2489405,Emma Garrison,Earth & Environmental Sciences,5.0
305150,Scott Feldman,Mathematics,2.5
496794,. Jackman,Biology,4.3
2577411,Azlan Maqbool,Earth & Environmental Sciences,5.0
2561527,Irene Hoxie,Biology,1.0
454432,Rahul Sahajpal,Science,3.2
2038121,Carly Tocco,Psychology,4.7
2308352,Jun Choi,Chemistry,1.4
1851962,Michael Gorelick,Mathematics,3.1
2295716,Sylvie Vitaglione,Media Studies,3.0
2635281,Pritchett Alexandra,Psychology,5.0
1373710,Fumiko Indegaard,Sociology,3.4
415273,Jonathan Buchsbaum,Communication,3.4
1767555,Richard Auman,Mathematics,4.8
2277982,Ruobing Zhao,Family Nutrition Exercise Sciences,5.0
2383012,David Kupfer,Biology,5.0
2291225,Di Wu,Computer Science,5.0
2278070,Lynn Siegel,Education,1.0
390831,Joseph Kahane,Mathematics,2.5
921268,James Mellone,Social Science,3.1
2294573,Madeleine Saraceni,English,4.3
2587404,Abe Korn,Accounting,4.0
1524726,Shira Dvora,Biology,4.4
2182305,Michael Druffel,English,4.9
1739100,Michael Krasner,Political Science,4.6
2213157,Amy Berman,English,1.0
2461500,Agnes Eshak,Anthropology,5.0
325526,Michelle Fraboni,Education,4.9
2224894,Atara Wertenthiel,Psychology,3.8
1708736,Milette Shanon,Business,4.3
2575079,Jason Botvinick,Mathematics,2.9
2463138,Saba Riazi,Literature,2.8
2475579,You Sun,Computer Science,3.9
2610258,Thomas Grochowski,Media Studies,2.5
673909,Tony Gonzales,Fine Arts,4.5
206309,Heather Hendershot,Social Science,3.1
2556770,Benjamin Santiago,Art,3.0
2126053,Erika Cosby,Art,4.0
1682603,Shivani Malhotra,Psychology,4.2
1855567,Lindsay Anderson,Psychology,4.8
2341273,Andre Eliatamby,Linguistics,4.9
2419593,Alexander Davis,Media Studies,2.1
2488477,Juan Tineo,Spanish,2.2
2319702,Labanya Unni,English,4.6
2264566,Xumeng Li,Sociology,2.7
1870618,Karine Tache,Anthropology,3.8
1835070,Nina Lelchuk,Music,3.0
2614629,Samuel Adrain,Theater,1.0
2277093,Md Uddin,Chemistry,2.6
2459029,Mariapaola Gritti,Anthropology,5.0
2516195,Thomas Wong,Chemistry,2.6
2107673,Derek Petti,Linguistics,3.5
155561,Stella Boghosian,Languages,4.2
977605,A. Wan,English,4.6
1669616,Lisa Karakaya,Languages,4.6
2608927,Sum Wong,Computer Science,4.0
2217074,Daniel Winarick,Psychology,4.8
2560143,Debanjan Roychoudhury,Anthropology,4.7
225093,Debra Priestly,Fine Arts,3.4
2333714,James Myer,Mathematics,3.7
1836946,Saskia Hooiveld,Sociology,2.2
2382389,Charles Gomez,Sociology,5.0
2371803,Rebecca Leopold,Design,3.3
1147408,Sunghee Shin,Education,3.5
2594795,Livia Fagundes,Education,5.0
2592035,Kathleen Toms,Sociology,1.0
2605445,Tashrique Khandaker,Chemistry,4.0
2117724,Victoria Goldenberg,Psychology,4.6
2514924,Ala Fink,English,2.4
2605278,Danielle Wasserman,Biology,1.0
258592,Harry Levine,Sociology,2.9
963222,Robin Harper,Political Science,4.5
2351160,Brian Stonaker,Biology,4.3
495806,Roberta Brody,Art History,2.9
2331219,Julia Iannaccone,Psychology,3.8
1100433,Ranjitkumar Benjamin,Accounting,4.1
1326270,Emily Curtin,Anthropology,4.0
2092059,Benjamin Ranjitkumar,Accounting,2.3
1916582,William Orchard,English,3.9
2149536,Shaoying Ma,Economics,2.7
1566184,Steven Rocklin,Mathematics,2.7
2062752,Cecilia RuizLopez,Art,5.0
2603844,Kristen Squires,Anthropology,4.0
2190488,Derek Hanson,Family Nutrition Exercise Sciences,4.0
2526120,Rory Pelsue,Theater,5.0
1667509,Brooke Arnold,English,4.3
555408,Ella Tracz,Chemistry,3.4
2381229,Debra Borenstein,Business,4.7
2559897,Maria Bermejo,Music,5.0
945134,Sin-Ying (Cassandra) Ho,Art,3.8
1344140,Gregory Sholette,Art,4.6
2601451,Anna Chichi,Italian,4.0
2602198,Jonathan Larson,Literature,5.0
2602206,Yasmin Solomon,Literature,2.0
153645,James Moore,Anthropology,3.8
1692385,Ioannis Kostopoulos,Astronomy,4.3
2165609,Miguel Henao,Economics,3.9
2228780,Scott Cheshire,English,5.0
2412799,Linda Manukian,Psychology,3.8
426970,William Protash,Sociology,4.8
2422275,Sandra Ariza,English,4.7
2601946,Edoardo Vaccari,History,3.0
970749,J Farber,Business,3.3
190940,Patrick McGough,History,4.5
2549779,Peter Calandra,Music,5.0
2403104,John Emrich,Sociology,5.0
232554,Eugenia Paulicelli,Languages,3.0
